1767170668.798301320 -15 1 1.5 -15 1 1.71669
1767170668.807183975 -15 1 1.5 -15 1 1.69277
1767170668.817074296 -15 1 1.5 -15 1 1.66803
1767170668.827354332 -15 1 1.5 -15 1 1.64281
1767170668.837154890 -15 1 1.5 -15 1 1.61749
1767170668.847061139 -15 1 1.5 -15 1 1.59249
1767170668.857853379 -15 1 1.5 -15 1 1.56813
1767170668.866337461 -15 1 1.5 -15 1 1.54699
1767170668.877194346 -15 1 1.5 -15 1 1.52241
1767170668.887185898 -15 1 1.5 -15 1 1.50144
1767170668.897662952 -15 1 1.5 -15 1 1.48189
1767170668.906495207 -15 1 1.5 -15 1 1.46555
1767170668.917184874 -15 1 1.5 -15 1 1.44725
1767170668.927129144 -15 1 1.5 -15 1 1.43219
1767170668.937052324 -15 1 1.5 -15 1 1.41859
1767170668.946449532 -15 1 1.5 -15 1 1.40758
1767170668.957815003 -15 1 1.5 -15 1 1.39561
1767170668.967483417 -15 1 1.5 -15 1 1.3861
1767170668.977665613 -15 1 1.5 -15 1 1.3778
1767170668.987651609 -15 1 1.5 -15 1 1.37063
1767170668.997278498 -15 1 1.5 -15 1 1.36453
1767170669.007645568 -15 1 1.5 -15 1 1.3594
1767170669.017718204 -15 1 1.5 -15 1 1.35517
1767170669.027091104 -15 1 1.5 -15 1 1.35176
1767170669.037671420 -15 1 1.5 -15 1 1.34911
1767170669.047642923 -15 1 1.5 -15 1 1.34713
1767170669.057929383 -15 1 1.5 -15 1 1.34578
1767170669.067107539 -15 1 1.5 -15 1 1.34498
1767170669.077031220 -15 1 1.5 -15 1 1.34468
1767170669.086835876 -15 1 1.5 -15 1 1.34483
1767170669.097157741 -15 1 1.5 -15 1 1.34537
1767170669.107391900 -15 1 1.5 -15 1 1.34627
1767170669.116992344 -15 1 1.5 -15 1 1.34747
1767170669.127248164 -15 1 1.5 -15 1 1.34895
1767170669.137437092 -15 1 1.5 -15 1 1.35062
1767170669.147055057 -15 1 1.5 -15 1 1.35246
1767170669.156994038 -15 1 1.5 -15 1 1.35442
1767170669.167185926 -15 1 1.5 -15 1 1.35649
1767170669.177213040 -15 1 1.5 -15 1 1.35865
1767170669.187470200 -15 1 1.5 -15 1 1.3609
1767170669.196484951 -15 1 1.5 -15 1 1.36297
1767170669.207614115 -15 1 1.5 -15 1 1.36558
1767170669.216780465 -15 1 1.5 -15 1 1.36799
1767170669.226869191 -15 1 1.5 -15 1 1.37046
1767170669.237183092 -15 1 1.5 -15 1 1.37295
1767170669.246827438 -15 1 1.5 -15 1 1.37547
1767170669.256890892 -15 1 1.5 -15 1 1.37801
1767170669.267006698 -15 1 1.5 -15 1 1.38056
1767170669.277165625 -15 1 1.5 -15 1 1.38312
1767170669.286785230 -15 1 1.5 -15 1 1.38568
1767170669.297072491 -15 1 1.5 -15 1 1.38823
1767170669.306382800 -15 1 1.5 -15 1 1.39053
1767170669.316971686 -15 1 1.5 -15 1 1.39331
1767170669.327232071 -15 1 1.5 -15 1 1.39583
1767170669.337195778 -15 1 1.5 -15 1 1.39833
1767170669.346874753 -15 1 1.5 -15 1 1.4008
1767170669.356972489 -15 1 1.5 -15 1 1.40324
1767170669.367182188 -15 1 1.5 -15 1 1.40566
1767170669.376923125 -15 1 1.5 -15 1 1.40804
1767170669.386920979 -15 1 1.5 -15 1 1.41038
1767170669.396738589 -15 1 1.5 -15 1 1.41269
1767170669.406904197 -15 1 1.5 -15 1 1.41496
1767170669.416227895 -15 1 1.5 -15 1 1.41697
1767170669.426756861 -15 1 1.5 -15 1 1.41917
1767170669.436818547 -15 1 1.5 -15 1 1.42154
1767170669.447122097 -15 1 1.5 -15 1 1.42365
1767170669.456910635 -15 1 1.5 -15 1 1.42572
1767170669.467477771 -15 1 1.5 -15 1 1.42774
1767170669.476814140 -15 1 1.5 -15 1 1.42952
1767170669.487440627 -15 1 1.5 -15 1 1.43166
1767170669.497258747 -15 1 1.5 -15 1 1.43356
1767170669.506752509 -15 1 1.5 -15 1 1.43523
1767170669.517130320 -15 1 1.5 -15 1 1.43722
1767170669.527291508 -15 1 1.5 -15 1 1.43899
1767170669.537256611 -15 1 1.5 -15 1 1.44071
1767170669.546989497 -15 1 1.5 -15 1 1.4424
1767170669.557474422 -15 1 1.5 -15 1 1.44404
1767170669.567520328 -15 1 1.5 -15 1 1.44565
1767170669.576324195 -15 1 1.5 -15 1 1.44705
1767170669.587100376 -15 1 1.5 -15 1 1.44873
1767170669.597137661 -15 1 1.5 -15 1 1.45022
1767170669.607291438 -15 1 1.5 -15 1 1.45166
1767170669.616831602 -15 1 1.5 -15 1 1.45293
1767170669.627340172 -15 1 1.5 -15 1 1.45444
1767170669.636988462 -15 1 1.5 -15 1 1.45577
1767170669.646226559 -15 1 1.5 -15 1 1.45694
1767170669.656954099 -15 1 1.5 -15 1 1.45833
1767170669.666510983 -15 1 1.5 -15 1 1.45944
1767170669.676897105 -15 1 1.5 -15 1 1.46076
1767170669.686195483 -15 1 1.5 -15 1 1.4618
1767170669.697972057 -15 1 1.5 -15 1 1.46305
1767170669.707624862 -15 1 1.5 -15 1 1.46414
1767170669.717190676 -15 1 1.5 -15 1 1.46521
1767170669.726649697 -15 1 1.5 -15 1 1.46614
1767170669.737338476 -15 1 1.5 -15 1 1.46725
1767170669.747643446 -15 1 1.5 -15 1 1.46823
1767170669.757279868 -15 1 1.5 -15 1 1.46918
1767170669.767665310 -15 1 1.5 -15 1 1.4701
1767170669.776362440 -15 1 1.5 -15 1 1.4709
1767170669.786904370 -15 1 1.5 -15 1 1.47186
1767170669.797161404 -15 1 1.5 -15 1 1.4727
1767170669.807174768 -15 1 1.5 -15 1 1.47352
1767170669.816938226 -15 1 1.5 -15 1 1.47431
1767170669.826841467 -15 1 1.5 -15 1 1.47508
1767170669.836881532 -15 1 1.5 -15 1 1.47583
1767170669.846152285 -15 1 1.5 -15 1 1.47649
1767170669.857064589 -15 1 1.5 -15 1 1.47726
1767170669.867028532 -15 1 1.5 -15 1 1.47788
1767170669.877745567 -15 1 1.5 -15 1 1.47861
1767170669.887598886 -15 1 1.5 -15 1 1.47925
1767170669.897209451 -15 1 1.5 -15 1 1.47987
1767170669.907170334 -15 1 1.5 -15 1 1.48048
1767170669.916569314 -15 1 1.5 -15 1 1.481
1767170669.927192023 -15 1 1.5 -15 1 1.48163
1767170669.937045173 -15 1 1.5 -15 1 1.48218
1767170669.947100559 -15 1 1.5 -15 1 1.48272
1767170669.957392114 -15 1 1.5 -15 1 1.48323
1767170669.966911842 -15 1 1.5 -15 1 1.48374
1767170669.977001957 -15 1 1.5 -15 1 1.48422
1767170669.986874297 -15 1 1.5 -15 1 1.48465
1767170669.997403032 -15 1 1.5 -15 1 1.48515
1767170670.007246964 -15 1 1.5 -15 1 1.48555
1767170670.017021375 -15 1 1.5 -15 1 1.48603
1767170670.026602475 -15 1 1.5 -15 1 1.4864
1767170670.037859551 -15 1 1.5 -15 1 1.48685
1767170670.046795966 -15 1 1.5 -15 1 1.48724
1767170670.057403350 -15 1 1.5 -15 1 1.48762
1767170670.066557061 -15 1 1.5 -15 1 1.48795
1767170670.077449982 -15 1 1.5 -15 1 1.48835
1767170670.086906481 -15 1 1.5 -15 1 1.4887
1767170670.097238233 -15 1 1.5 -15 1 1.48903
1767170670.107084609 -15 1 1.5 -15 1 1.48936
1767170670.117135481 -15 1 1.5 -15 1 1.48967
1767170670.127338650 -15 1 1.5 -15 1 1.48998
1767170670.137034099 -15 1 1.5 -15 1 1.49028
1767170670.146753148 -15 1 1.5 -15 1 1.49057
1767170670.157600697 -15 1 1.5 -15 1 1.49085
1767170670.167339911 -15 1 1.5 -15 1 1.49112
1767170670.177083240 -15 1 1.5 -15 1 1.49138
1767170670.186406540 -15 1 1.5 -15 1 1.49161
1767170670.197231055 -15 1 1.5 -15 1 1.49188
1767170670.207219640 -15 1 1.5 -15 1 1.49212
1767170670.216427357 -15 1 1.5 -15 1 1.49233
1767170670.227698441 -15 1 1.5 -15 1 1.49258
1767170670.237186176 -15 1 1.5 -15 1 1.4928
1767170670.247007747 -15 1 1.5 -15 1 1.49301
1767170670.257529138 -15 1 1.5 -15 1 1.49322
1767170670.267866897 -15 1 1.5 -15 1 1.49342
1767170670.276417729 -15 1 1.5 -15 1 1.49357
1767170670.287279973 -15 1 1.5 -15 1 1.49376
1767170670.296577583 -15 1 1.5 -15 1 1.49395
1767170670.306137698 -15 1 1.5 -15 1 1.49413
1767170670.317405172 -15 1 1.5 -15 1 1.49432
1767170670.326343768 -15 1 1.5 -15 1 1.49445
1767170670.337070255 -15 1 1.5 -15 1 1.49461
1767170670.347738561 -15 1 1.5 -15 1 1.49477
1767170670.356592307 -15 1 1.5 -15 1 1.49491
1767170670.367427861 -15 1 1.5 -15 1 1.49506
1767170670.376347192 -15 1 1.5 -15 1 1.4952
1767170670.386278582 -15 1 1.5 -15 1 1.49534
1767170670.396383425 -15 1 1.5 -15 1 1.49548
1767170670.406741329 -15 1 1.5 -15 1 1.49561
1767170670.416686834 -15 1 1.5 -15 1 1.49574
1767170670.426292750 -15 1 1.5 -15 1 1.49587
1767170670.436456070 -15 1 1.5 -15 1 1.49599
1767170670.446434209 -15 1 1.5 -15 1 1.4961
1767170670.456122183 -15 1 1.5 -15 1 1.49622
1767170670.466895055 -15 1 1.5 -15 1 1.49633
1767170670.476066132 -15 1 1.5 -15 1 1.49644
1767170670.486466857 -15 1 1.5 -15 1 1.49654
1767170670.497698839 -15 1 1.5 -15 1 1.49665
1767170670.506829215 -15 1 1.5 -15 1 1.49674
1767170670.516376800 -15 1 1.5 -15 1 1.49683
1767170670.526475198 -15 1 1.5 -15 1 1.49693
1767170670.537230010 -15 1 1.5 -15 1 1.49703
1767170670.546676744 -15 1 1.5 -15 1 1.4971
1767170670.557366255 -15 1 1.5 -15 1 1.4972
1767170670.566237265 -15 1 1.5 -15 1 1.49727
1767170670.576710776 -15 1 1.5 -15 1 1.49735
1767170670.586721226 -15 1 1.5 -15 1 1.49743
1767170670.596261172 -15 1 1.5 -15 1 1.4975
1767170670.606202905 -15 1 1.5 -15 1 1.49757
1767170670.616484137 -15 1 1.5 -15 1 1.49765
1767170670.626687299 -15 1 1.5 -15 1 1.49771
1767170670.636531816 -15 1 1.5 -15 1 1.49778
1767170670.646828729 -15 1 1.5 -15 1 1.49785
1767170670.656959002 -15 1 1.5 -15 1 1.49791
1767170670.666495096 -15 1 1.5 -15 1 1.49797
1767170670.676830485 -15 1 1.5 -15 1 1.49803
1767170670.687082982 -15 1 1.5 -15 1 1.49809
1767170670.696509574 -15 1 1.5 -15 1 1.49814
1767170670.706822846 -15 1 1.5 -15 1 1.4982
1767170670.716492264 -15 1 1.5 -15 1 1.49825
1767170670.727188075 -15 1 1.5 -15 1 1.4983
1767170670.736635579 -15 1 1.5 -15 1 1.49835
1767170670.747144565 -15 1 1.5 -15 1 1.4984
1767170670.756997797 -15 1 1.5 -15 1 1.49844
1767170670.767383402 -15 1 1.5 -15 1 1.49849
1767170670.777177023 -15 1 1.5 -15 1 1.49853
1767170670.787623188 -15 1 1.5 -15 1 1.49858
1767170670.796735843 -15 1 1.5 -15 1 1.49862
1767170670.807573888 -15 1 1.5 -15 1 1.49866
1767170670.816618451 -15 1 1.5 -15 1 1.49869
1767170670.826365420 -15 1 1.5 -15 1 1.49873
1767170670.838170868 -15 1 1.5 -15 1 1.49877
1767170670.846343732 -15 1 1.5 -15 1 1.49881
1767170670.857419607 -15 1 1.5 -15 1 1.49884
1767170670.866593264 -15 1 1.5 -15 1 1.49887
1767170670.876335213 -15 1 1.5 -15 1 1.49891
1767170670.887764506 -15 1 1.5 -15 1 1.49894
1767170670.896978139 -15 1 1.5 -15 1 1.49897
1767170670.906615101 -15 1 1.5 -15 1 1.499
1767170670.918108490 -15 1 1.5 -15 1 1.49903
1767170670.927762329 -15 1 1.5 -15 1 1.49906
1767170670.936549927 -15 1 1.5 -15 1 1.49908
1767170670.946560702 -15 1 1.5 -15 1 1.49911
1767170670.956509661 -15 1 1.5 -15 1 1.49914
1767170670.967009609 -15 1 1.5 -15 1 1.49916
1767170670.976544168 -15 1 1.5 -15 1 1.49919
1767170670.986295034 -15 1 1.5 -15 1 1.49921
1767170670.996642941 -15 1 1.5 -15 1 1.49923
1767170671.007463836 -15 1 1.5 -15 1 1.49925
1767170671.016598459 -15 1 1.5 -15 1 1.49927
1767170671.026323350 -15 1 1.5 -15 1 1.49929
1767170671.036420799 -15 1 1.5 -15 1 1.49931
1767170671.046390776 -15 1 1.5 -15 1 1.49933
1767170671.056887065 -15 1 1.5 -15 1 1.49935
1767170671.067213595 -15 1 1.5 -15 1 1.49937
1767170671.076525152 -15 1 1.5 -15 1 1.49939
1767170671.087197194 -15 1 1.5 -15 1 1.49941
1767170671.096369903 -15 1 1.5 -15 1 1.49943
1767170671.107088856 -15 1 1.5 -15 1 1.49944
1767170671.116964840 -15 1 1.5 -15 1 1.49946
1767170671.126878241 -15 1 1.5 -15 1 1.49947
1767170671.136792173 -15 1 1.5 -15 1 1.49949
1767170671.146762429 -15 1 1.5 -15 1 1.4995
1767170671.156849999 -15 1 1.5 -15 1 1.49952
1767170671.167619803 -15 1 1.5 -15 1 1.49953
1767170671.176629173 -15 1 1.5 -15 1 1.49955
1767170671.186700152 -15 1 1.5 -15 1 1.49956
1767170671.196278360 -15 1 1.5 -15 1 1.49957
1767170671.207102596 -15 1 1.5 -15 1 1.49958
1767170671.216809917 -15 1 1.5 -15 1 1.4996
1767170671.226544524 -15 1 1.5 -15 1 1.49961
1767170671.236853562 -15 1 1.5 -15 1 1.49962
1767170671.246712306 -15 1 1.5 -15 1 1.49963
1767170671.256590186 -15 1 1.5 -15 1 1.49964
1767170671.267035360 -15 1 1.5 -15 1 1.49965
1767170671.276512665 -15 1 1.5 -15 1 1.49966
1767170671.286808629 -15 1 1.5 -15 1 1.49967
1767170671.296847927 -15 1 1.5 -15 1 1.49968
1767170671.306424345 -15 1 1.5 -15 1 1.49969
1767170671.316773070 -15 1 1.5 -15 1 1.4997
1767170671.326295716 -15 1 1.5 -15 1 1.49971
1767170671.336793271 -15 1 1.5 -15 1 1.49972
1767170671.346389744 -15 1 1.5 -15 1 1.49972
1767170671.356697598 -15 1 1.5 -15 1 1.49973
1767170671.366699505 -15 1 1.5 -15 1 1.49974
1767170671.376745604 -15 1 1.5 -15 1 1.49975
1767170671.386451384 -15 1 1.5 -15 1 1.49976
1767170671.396609265 -15 1 1.5 -15 1 1.49976
1767170671.406470996 -15 1 1.5 -15 1 1.49977
1767170671.416908533 -15 1 1.5 -15 1 1.49978
1767170671.427344484 -15 1 1.5 -15 1 1.49978
1767170671.437068895 -15 1 1.5 -15 1 1.49979
1767170671.446828317 -15 1 1.5 -15 1 1.49979
1767170671.456669621 -15 1 1.5 -15 1 1.4998
1767170671.466440043 -15 1 1.5 -15 1 1.49981
1767170671.476243942 -15 1 1.5 -15 1 1.49981
1767170671.486517990 -15 1 1.5 -15 1 1.49982
1767170671.497798956 -15 1 1.5 -15 1 1.49982
1767170671.507870015 -15 1 1.5 -15 1 1.49983
1767170671.516507001 -15 1 1.5 -15 1 1.49983
1767170671.527172884 -15 1 1.5 -15 1 1.49984
1767170671.536888864 -15 1 1.5 -15 1 1.49984
1767170671.546524764 -15 1 1.5 -15 1 1.49985
1767170671.556885610 -15 1 1.5 -15 1 1.49985
1767170671.567248485 -15 1 1.5 -15 1 1.49985
1767170671.577674562 -15 1 1.5 -15 1 1.49986
1767170671.587257690 -15 1 1.5 -15 1 1.49986
1767170671.596640493 -15 1 1.5 -15 1 1.49987
1767170671.607009529 -15 1 1.5 -15 1 1.49987
1767170671.616660288 -15 1 1.5 -15 1 1.49987
1767170671.626587653 -15 1 1.5 -15 1 1.49988
1767170671.636857857 -15 1 1.5 -15 1 1.49988
1767170671.646516862 -15 1 1.5 -15 1 1.49988
1767170671.658002847 -15 1 1.5 -15 1 1.49989
1767170671.667451492 -15 1 1.5 -15 1 1.49989
1767170671.676519988 -15 1 1.5 -15 1 1.49989
1767170671.688680491 -15 1 1.5 -15 1 1.4999
1767170671.698095719 -15 1 1.5 -15 1 1.4999
1767170671.707379836 -15 1 1.5 -15 1 1.4999
1767170671.716678831 -15 1 1.5 -15 1 1.49991
1767170671.726747940 -15 1 1.5 -15 1 1.49991
1767170671.738009796 -15 1 1.5 -15 1 1.49991
1767170671.746716495 -15 1 1.5 -15 1 1.49991
1767170671.756604321 -15 1 1.5 -15 1 1.49992
1767170671.766806962 -15 1 1.5 -15 1 1.49992
1767170671.777088071 -15 1 1.5 -15 1 1.49992
1767170671.786833567 -15 1 1.5 -15 1 1.49992
1767170671.796651631 -15 1 1.5 -15 1 1.49993
1767170671.806664993 -15 1 1.5 -15 1 1.49993
1767170671.816819280 -15 1 1.5 -15 1 1.49993
1767170671.826334026 -15 1 1.5 -15 1 1.49993
1767170671.836300822 -15 1 1.5 -15 1 1.49993
1767170671.846412482 -15 1 1.5 -15 1 1.49994
1767170671.857434252 -15 1 1.5 -15 1 1.49994
1767170671.867283166 -15 1 1.5 -15 1 1.49994
1767170671.876340402 -15 1 1.5 -15 1 1.49994
1767170671.886888802 -15 1 1.5 -15 1 1.49994
1767170671.896907679 -15 1 1.5 -15 1 1.49994
1767170671.907128062 -15 1 1.5 -15 1 1.49995
1767170671.916557946 -15 1 1.5 -15 1 1.49995
1767170671.926495097 -15 1 1.5 -15 1 1.49995
1767170671.936731934 -15 1 1.5 -15 1 1.49995
1767170671.946985907 -15 1 1.5 -15 1 1.49995
1767170671.956288290 -15 1 1.5 -15 1 1.49995
1767170671.966300467 -15 1 1.5 -15 1 1.49995
1767170671.976951449 -15 1 1.5 -15 1 1.49996
1767170671.986596808 -15 1 1.5 -15 1 1.49996
1767170671.996840511 -15 1 1.5 -15 1 1.49996
1767170672.007758314 -15 1 1.5 -15 1 1.49996
1767170672.016761055 -15 1 1.5 -15 1 1.49996
1767170672.026438268 -15 1 1.5 -15 1 1.49996
1767170672.036600849 -15 1 1.5 -15 1 1.49996
1767170672.046212550 -15 1 1.5 -15 1 1.49996
1767170672.056353091 -15 1 1.5 -15 1 1.49997
1767170672.066685778 -15 1 1.5 -15 1 1.49997
1767170672.076953774 -15 1 1.5 -15 1 1.49997
1767170672.086898472 -15 1 1.5 -15 1 1.49997
1767170672.096557503 -15 1 1.5 -15 1 1.49997
1767170672.106632934 -15 1 1.5 -15 1 1.49997
1767170672.116804817 -15 1 1.5 -15 1 1.49997
1767170672.126513579 -15 1 1.5 -15 1 1.49997
1767170672.136700692 -15 1 1.5 -15 1 1.49997
1767170672.146818965 -15 1 1.5 -15 1 1.49997
1767170672.156285252 -15 1 1.5 -15 1 1.49997
1767170672.166997178 -15 1 1.5 -15 1 1.49997
1767170672.176596577 -15 1 1.5 -15 1 1.49998
1767170672.187129254 -15 1 1.5 -15 1 1.49998
1767170672.196449413 -15 1 1.5 -15 1 1.49998
1767170672.206411861 -15 1 1.5 -15 1 1.49998
1767170672.216787148 -15 1 1.5 -15 1 1.49998
1767170672.226514661 -15 1 1.5 -15 1 1.49998
1767170672.236716194 -15 1 1.5 -15 1 1.49998
1767170672.246281184 -15 1 1.5 -15 1 1.49998
1767170672.257375128 -15 1 1.5 -15 1 1.49998
1767170672.266544379 -15 1 1.5 -15 1 1.49998
1767170672.276595199 -15 1 1.5 -15 1 1.49998
1767170672.286741152 -15 1 1.5 -15 1 1.49998
1767170672.296419294 -15 1 1.5 -15 1 1.49998
1767170672.308226355 -15 1 1.5 -15 1 1.49998
1767170672.317060237 -15 1 1.5 -15 1 1.49998
1767170672.326712189 -15 1 1.5 -15 1 1.49998
1767170672.336987365 -15 1 1.5 -15 1 1.49998
1767170672.346783880 -15 1 1.5 -15 1 1.49999
1767170672.357063965 -15 1 1.5 -15 1 1.49999
1767170672.367057254 -15 1 1.5 -15 1 1.49999
1767170672.376685665 -15 1 1.5 -15 1 1.49999
1767170672.376949771 -15 1 1.5 -15 1 1.49999
1767170672.386652973 -15 1 1.5 -15 1 1.49999
1767170672.396454197 -15 1 1.5 -15 1 1.49999
1767170672.407481099 -15 1 1.5 -15 1 1.49999
1767170672.416613798 -15 1 1.5 -15 1 1.49999
1767170672.426941935 -15 1 1.5 -15 1 1.49999
1767170672.436585356 -15 1 1.5 -15 1 1.49999
1767170672.446571584 -15 1 1.5 -15 1 1.49999
1767170672.458549238 -15 1 1.5 -15 1 1.49999
1767170672.466493281 -15 1 1.5 -15 1 1.49999
1767170672.476551081 -15 1 1.5 -15 1 1.49999
1767170672.487625894 -15 1 1.5 -15 1 1.49999
1767170672.496972309 -15 1 1.5 -15 1 1.49999
1767170672.506640661 -15 1 1.5 -15 1 1.49999
1767170672.516869875 -15 1 1.5 -15 1 1.49999
1767170672.526456804 -15 1 1.5 -15 1 1.49999
1767170672.536840842 -15 1 1.5 -15 1 1.49999
1767170672.546160532 -15 1 1.5 -15 1 1.49999
1767170672.556880182 -15 1 1.5 -15 1 1.49999
1767170672.567048530 -15 1 1.5 -15 1 1.49999
1767170672.576739951 -15 1 1.5 -15 1 1.49999
1767170672.586480735 -15 1 1.5 -15 1 1.49999
1767170672.597364145 -15 1 1.5 -15 1 1.49999
1767170672.607081303 -15 1 1.5 -15 1 1.49999
1767170672.617028506 -15 1 1.5 -15 1 1.49999
1767170672.626785975 -15 1 1.5 -15 1 1.49999
1767170672.636546934 -15 1 1.5 -15 1 1.49999
1767170672.646854935 -15 1 1.5 -15 1 1.49999
1767170672.657204518 -15 1 1.5 -15 1 1.49999
1767170672.667306824 -15 1 1.5 -15 1 1.49999
1767170672.677059754 -15 1 1.5 -15 1 1.49999
1767170672.686614913 -15 1 1.5 -15 1 1.49999
1767170672.696841232 -15 1 1.5 -15 1 1.49999
1767170672.706887092 -15 1 1.5 -15 1 1.49999
1767170672.716757895 -15 1 1.5 -15 1 1.49999
1767170672.726764104 -15 1 1.5 -15 1 1.5
1767170672.736521707 -15 1 1.5 -15 1 1.5
1767170672.746959317 -15 1 1.5 -15 1 1.5
1767170672.756480609 -15 1 1.5 -15 1 1.5
1767170672.766670664 -15 1 1.5 -15 1 1.5
1767170672.776741829 -15 1 1.5 -15 1 1.5
1767170672.787448645 -15 1 1.5 -15 1 1.5
1767170672.796792029 -15 1 1.5 -15 1 1.5
1767170672.807001947 -15 1 1.5 -15 1 1.5
1767170672.817234697 -15 1 1.5 -15 1 1.5
1767170672.826914819 -15 1 1.5 -15 1 1.5
1767170672.837405563 -15 1 1.5 -15 1 1.5
1767170672.846298463 -15 1 1.5 -15 1 1.5
1767170672.858243231 -15 1 1.5 -15 1 1.5
1767170672.867532040 -15 1 1.5 -15 1 1.5
1767170672.877415741 -15 1 1.5 -15 1 1.5
1767170672.887266187 -15 1 1.5 -15 1 1.5
1767170672.898018368 -15 1 1.5 -15 1 1.5
1767170672.907077766 -15 1 1.5 -15 1 1.5
1767170672.917887303 -15 1 1.5 -15 1 1.5
1767170672.926409209 -15 1 1.5 -15 1 1.5
1767170672.937643091 -15 1 1.5 -15 1 1.5
1767170672.947601040 -15 1 1.5 -15 1 1.5
1767170672.957386964 -15 1 1.5 -15 1 1.5
1767170672.967120732 -15 1 1.5 -15 1 1.5
1767170672.977480634 -15 1 1.5 -15 1 1.5
1767170672.986573433 -15 1 1.5 -15 1 1.5
1767170672.997108539 -15 1 1.5 -15 1 1.5
1767170673.007513440 -15 1 1.5 -15 1 1.5
1767170673.017405543 -15 1 1.5 -15 1 1.5
1767170673.026722128 -15 1 1.5 -15 1 1.5
1767170673.038618364 -15 1 1.5 -15 1 1.5
1767170673.047407526 -15 1 1.5 -15 1 1.5
1767170673.056815383 -15 1 1.5 -15 1 1.5
1767170673.067229269 -15 1 1.5 -15 1 1.5
1767170673.076662772 -15 1 1.5 -15 1 1.5
1767170673.086878148 -15 1 1.5 -15 1 1.5
1767170673.097455768 -15 1 1.5 -15 1 1.5
1767170673.106587824 -15 1 1.5 -15 1 1.5
1767170673.117055596 -15 1 1.5 -15 1 1.5
1767170673.127237040 -15 1 1.5 -15 1 1.5
1767170673.137010906 -15 1 1.5 -15 1 1.5
1767170673.147020608 -15 1 1.5 -15 1 1.5
1767170673.157720611 -15 1 1.5 -15 1 1.5
1767170673.166380485 -15 1 1.5 -15 1 1.5
1767170673.177357528 -15 1 1.5 -15 1 1.5
1767170673.189232563 -15 1 1.5 -15 1 1.5
1767170673.197599846 -15 1 1.5 -15 1 1.5
1767170673.206917972 -15 1 1.5 -15 1 1.5
1767170673.217274971 -15 1 1.5 -15 1 1.5
1767170673.226747130 -15 1 1.5 -15 1 1.5
1767170673.237282204 -15 1 1.5 -15 1 1.5
1767170673.247159212 -15 1 1.5 -15 1 1.5
1767170673.257513702 -15 1 1.5 -15 1 1.5
1767170673.267208146 -15 1 1.5 -15 1 1.5
1767170673.277147475 -15 1 1.5 -15 1 1.5
1767170673.286795778 -15 1 1.5 -15 1 1.5
1767170673.297473654 -15 1 1.5 -15 1 1.5
1767170673.306663786 -15 1 1.5 -15 1 1.5
1767170673.317321632 -15 1 1.5 -15 1 1.5
1767170673.326439232 -15 1 1.5 -15 1 1.5
1767170673.337046927 -15 1 1.5 -15 1 1.5
1767170673.347079459 -15 1 1.5 -15 1 1.5
1767170673.357391902 -15 1 1.5 -15 1 1.5
1767170673.367171793 -15 1 1.5 -15 1 1.5
1767170673.377298057 -15 1 1.5 -15 1 1.5
1767170673.386659964 -15 1 1.5 -15 1 1.5
1767170673.397060684 -15 1 1.5 -15 1 1.5
1767170673.408051582 -15 1 1.5 -15 1 1.5
1767170673.417475015 -15 1 1.5 -15 1 1.5
1767170673.427164670 -15 1 1.5 -15 1 1.5
1767170673.437027498 -15 1 1.5 -15 1 1.5
1767170673.446930157 -15 1 1.5 -15 1 1.5
1767170673.457403569 -15 1 1.5 -15 1 1.5
1767170673.466599872 -15 1 1.5 -15 1 1.5
1767170673.477004711 -15 1 1.5 -15 1 1.5
1767170673.486950892 -15 1 1.5 -15 1 1.5
1767170673.497390034 -15 1 1.5 -15 1 1.5
1767170673.506506533 -15 1 1.5 -15 1 1.5
1767170673.517568554 -15 1 1.5 -15 1 1.5
1767170673.526826763 -15 1 1.5 -15 1 1.5
1767170673.536503052 -15 1 1.5 -15 1 1.5
1767170673.546972253 -15 1 1.5 -15 1 1.5
1767170673.557719417 -15 1 1.5 -15 1 1.5
1767170673.566585166 -15 1 1.5 -15 1 1.5
1767170673.576271059 -15 1 1.5 -15 1 1.5
1767170673.587524758 -15 1 1.5 -15 1 1.5
1767170673.596985268 -15 1 1.5 -15 1 1.5
1767170673.606820990 -15 1 1.5 -15 1 1.5
1767170673.616826286 -15 1 1.5 -15 1 1.5
1767170673.626240075 -15 1 1.5 -15 1 1.5
1767170673.637699484 -15 1 1.5 -15 1 1.5
1767170673.647447870 -15 1 1.5 -15 1 1.5
1767170673.657641840 -15 1 1.5 -15 1 1.5
1767170673.666892238 -15 1 1.5 -15 1 1.5
1767170673.677443013 -15 1 1.5 -15 1 1.5
1767170673.687601053 -15 1 1.5 -15 1 1.5
1767170673.697766893 -15 1 1.5 -15 1 1.5
1767170673.707164265 -15 1 1.5 -15 1 1.5
1767170673.717083775 -15 1 1.5 -15 1 1.5
1767170673.727251735 -15 1 1.5 -15 1 1.5
1767170673.737555342 -15 1 1.5 -15 1 1.5
1767170673.747879711 -15 1 1.5 -15 1 1.5
1767170673.758121757 -15 1 1.5 -15 1 1.5
1767170673.767642116 -15 1 1.5 -15 1 1.5
1767170673.777668563 -15 1 1.5 -15 1 1.5
1767170673.786219410 -15 1 1.5 -15 1 1.5
1767170673.796511807 -15 1 1.5 -15 1 1.5
1767170673.807144048 -15 1 1.5 -15 1 1.5
1767170673.816979475 -15 1 1.5 -15 1 1.5
1767170673.826167807 -15 1 1.5 -15 1 1.5
1767170673.837192320 -15 1 1.5 -15 1 1.5
1767170673.847108989 -15 1 1.5 -15 1 1.5
1767170673.857468788 -15 1 1.5 -15 1 1.5
1767170673.866389174 -15 1 1.5 -15 1 1.5
1767170673.877411989 -15 1 1.5 -15 1 1.5
1767170673.887194376 -15 1 1.5 -15 1 1.5
1767170673.897440542 -15 1 1.5 -15 1 1.5
1767170673.907199158 -15 1 1.5 -15 1 1.5
1767170673.917227759 -15 1 1.5 -15 1 1.5
1767170673.927372753 -15 1 1.5 -15 1 1.5
1767170673.937274912 -15 1 1.5 -15 1 1.5
1767170673.947163940 -15 1 1.5 -15 1 1.5
1767170673.957127451 -15 1 1.5 -15 1 1.5
1767170673.966880865 -15 1 1.5 -15 1 1.5
1767170673.977198513 -15 1 1.5 -15 1 1.5
1767170673.986236651 -15 1 1.5 -15 1 1.5
1767170673.996775514 -15 1 1.5 -15 1 1.5
1767170674.006656603 -15 1 1.5 -15 1 1.5
1767170674.006738645 -15 1 1.5 -15 1 1.5
1767170674.016714288 -15 1 1.5 -15 1 1.5
1767170674.026696031 -15 1 1.5 -15 1 1.5
1767170674.036652052 -15 1 1.5 -15 1 1.5
1767170674.046857820 -15 1 1.5 -15 1 1.5
1767170674.056161916 -15 1 1.5 -15 1 1.5
1767170674.066772945 -15 1 1.5 -15 1 1.5
1767170674.077000142 -15 1 1.5 -15 1 1.5
1767170674.086811571 -15 1 1.5 -15 1 1.5
1767170674.096792612 -15 1 1.5 -15 1 1.5
1767170674.106852948 -15 1 1.5 -15 1 1.5
1767170674.117459845 -15 1 1.5 -15 1 1.5
1767170674.128099998 -15 1 1.5 -15 1 1.5
1767170674.138056029 -15 1 1.5 -15 1 1.5
1767170674.147381786 -15 1 1.5 -15 1 1.5
1767170674.158258184 -15 1 1.5 -15 1 1.5
1767170674.167451188 -15 1 1.5 -15 1 1.5
1767170674.176847537 -15 1 1.5 -15 1 1.5
1767170674.187036479 -15 1 1.5 -15 1 1.5
1767170674.196656808 -15 1 1.5 -15 1 1.5
1767170674.206697813 -15 1 1.5 -15 1 1.5
1767170674.216826298 -15 1 1.5 -15 1 1.5
1767170674.226337769 -15 1 1.5 -15 1 1.5
1767170674.237340026 -15 1 1.5 -15 1 1.5
1767170674.246599622 -15 1 1.5 -15 1 1.5
1767170674.256634155 -15 1 1.5 -15 1 1.5
1767170674.267173760 -15 1 1.5 -15 1 1.5
1767170674.276281682 -15 1 1.5 -15 1 1.5
1767170674.286452920 -15 1 1.5 -15 1 1.5
1767170674.296248068 -15 1 1.5 -15 1 1.5
1767170674.306443706 -15 1 1.5 -15 1 1.5
1767170674.316962062 -15 1 1.5 -15 1 1.5
1767170674.326186956 -15 1 1.5 -15 1 1.5
1767170674.336698371 -15 1 1.5 -15 1 1.5
1767170674.346889849 -15 1 1.5 -15 1 1.5
1767170674.357222425 -15 1 1.5 -15 1 1.5
1767170674.367641882 -15 1 1.5 -15 1 1.5
1767170674.376971509 -15 1 1.5 -15 1 1.5
1767170674.386866250 -15 1 1.5 -15 1 1.5
1767170674.396080255 -15 1 1.5 -15 1 1.5
1767170674.406855736 -15 1 1.5 -15 1 1.5
1767170674.416707326 -15 1 1.5 -15 1 1.5
1767170674.426563801 -14.9 1.1 1.5 -15 1 1.5
1767170674.437012149 -14.9 1.1 1.5 -15 1 1.5
1767170674.447042003 -14.9 1.1 1.5 -15 1 1.49999
1767170674.456512833 -14.9 1.1 1.5 -15 1 1.49995
1767170674.466754721 -14.9 1.1 1.5 -15 1 1.49988
1767170674.476153741 -14.9 1.1 1.5 -15 1.00002 1.49982
1767170674.487026665 -14.9 1.1 1.5 -15 1.00004 1.49978
1767170674.497035137 -14.9 1.1 1.5 -15 1.00011 1.49975
1767170674.506602765 -14.9 1.09999 1.5 -15 1.00023 1.49974
1767170674.517026363 -14.9 1.09999 1.5 -15 1.00042 1.49972
1767170674.526050033 -14.8999 1.09999 1.5 -14.9999 1.00072 1.49968
1767170674.537894715 -14.8999 1.09998 1.5 -14.9999 1.0011 1.4996
1767170674.546898984 -14.8999 1.09998 1.49999 -14.9998 1.00173 1.49944
1767170674.557279969 -14.8999 1.09997 1.49999 -14.9996 1.0024 1.49923
1767170674.566890384 -14.8998 1.09997 1.49999 -14.9993 1.00344 1.49888
1767170674.577955352 -14.8998 1.09996 1.49999 -14.9988 1.00459 1.49844
1767170674.586465190 -14.8997 1.09995 1.49999 -14.9982 1.00597 1.49789
1767170674.597221350 -14.8997 1.09994 1.49998 -14.9976 1.00722 1.49739
1767170674.608133211 -14.8996 1.09993 1.49998 -14.9965 1.00918 1.49663
1767170674.617345254 -14.8996 1.09992 1.49998 -14.9954 1.01096 1.49595
1767170674.626636986 -14.8996 1.09992 1.49998 -14.9923 1.01523 1.49439
1767170674.626857531 -14.8995 1.09991 1.49997 -14.9923 1.01523 1.49439
1767170674.636993687 -14.8994 1.09989 1.49997 -14.9902 1.01771 1.4935
1767170674.646485669 -14.8993 1.09988 1.49997 -14.9879 1.02033 1.49256
1767170674.656761424 -14.8992 1.09986 1.49996 -14.9853 1.02304 1.49156
1767170674.666732140 -14.8991 1.09984 1.49996 -14.9825 1.02583 1.4905
1767170674.676522037 -14.899 1.09982 1.49995 -14.9795 1.02866 1.4894
1767170674.686763982 -14.8989 1.0998 1.49994 -14.9764 1.0315 1.48828
1767170674.697847115 -14.8988 1.09977 1.49994 -14.9728 1.0346 1.48703
1767170674.707021439 -14.8986 1.09975 1.49993 -14.9698 1.03708 1.48602
1767170674.717465153 -14.8985 1.09972 1.49992 -14.9662 1.04001 1.48482
1767170674.726272969 -14.8983 1.09969 1.49991 -14.9632 1.04229 1.48386
1767170674.736333368 -14.8982 1.09966 1.49991 -14.9601 1.04469 1.48285
1767170674.746749235 -14.898 1.09963 1.4999 -14.9571 1.0469 1.48188
1767170674.756360944 -14.8978 1.09959 1.49989 -14.9543 1.04893 1.48094
1767170674.767160131 -14.8976 1.09955 1.49987 -14.9517 1.05074 1.48004
1767170674.776202971 -14.8974 1.09952 1.49986 -14.9494 1.05236 1.47917
1767170674.786603883 -14.8972 1.09947 1.49985 -14.9473 1.05377 1.47831
1767170674.796421152 -14.8969 1.09943 1.49984 -14.9454 1.055 1.47746
1767170674.807296426 -14.8966 1.09938 1.49983 -14.9437 1.05606 1.47663
1767170674.816753047 -14.8964 1.09933 1.49981 -14.9437 1.05606 1.47663
1767170674.826505264 -14.8961 1.09928 1.4998 -14.9424 1.0569 1.4759
1767170674.837767445 -14.8958 1.09922 1.49978 -14.9411 1.05772 1.47512
1767170674.846386756 -14.8955 1.09917 1.49977 -14.9398 1.05854 1.47431
1767170674.856745747 -14.8952 1.09911 1.49975 -14.9388 1.05916 1.4737
1767170674.866421403 -14.8949 1.09905 1.49973 -14.9377 1.05985 1.47308
1767170674.876352644 -14.8945 1.09898 1.49972 -14.9366 1.06056 1.47253
1767170674.886307317 -14.8941 1.09892 1.4997 -14.9354 1.06132 1.47204
1767170674.896442542 -14.8938 1.09884 1.49968 -14.9342 1.06215 1.47163
1767170674.906632730 -14.8934 1.09877 1.49966 -14.9329 1.06308 1.47127
1767170674.917831841 -14.8929 1.09868 1.49963 -14.9314 1.06411 1.47097
1767170674.926337009 -14.8925 1.09861 1.49961 -14.9295 1.06537 1.47069
1767170674.936292620 -14.8925 1.09861 1.49961 -14.9259 1.06784 1.4703
1767170674.936487125 -14.8921 1.09853 1.49959 -14.9259 1.06784 1.4703
1767170674.946353065 -14.8916 1.09844 1.49956 -14.9237 1.06926 1.47014
1767170674.956476550 -14.8911 1.09835 1.49954 -14.9214 1.07075 1.47
1767170674.966568645 -14.8906 1.09826 1.49951 -14.919 1.07228 1.46988
1767170674.976858534 -14.8901 1.09816 1.49949 -14.9164 1.07384 1.46979
1767170674.986637923 -14.8895 1.09806 1.49946 -14.9139 1.07538 1.46974
1767170674.996577064 -14.889 1.09796 1.49943 -14.9113 1.0769 1.46972
1767170675.007942819 -14.8883 1.09784 1.4994 -14.9084 1.0785 1.46974
1767170675.016906978 -14.8878 1.09774 1.49937 -14.9062 1.07973 1.46979
1767170675.026249518 -14.8872 1.09763 1.49934 -14.9038 1.081 1.46988
1767170675.036814936 -14.8865 1.09751 1.4993 -14.9017 1.08203 1.46998
1767170675.046534274 -14.8859 1.09739 1.49927 -14.8996 1.08306 1.47012
1767170675.056767744 -14.8852 1.09726 1.49923 -14.8976 1.08393 1.47026
1767170675.067886695 -14.8844 1.09712 1.49919 -14.8958 1.08465 1.47041
1767170675.076368164 -14.8838 1.097 1.49916 -14.8942 1.08522 1.47055
1767170675.086439710 -14.8831 1.09687 1.49912 -14.8928 1.08565 1.47068
1767170675.096242520 -14.8823 1.09673 1.49908 -14.8916 1.08594 1.47079
1767170675.106533322 -14.8815 1.09658 1.49904 -14.8907 1.08609 1.47088
1767170675.116589683 -14.8807 1.09643 1.499 -14.8897 1.08616 1.47097
1767170675.126285126 -14.8799 1.09628 1.49896 -14.8889 1.08613 1.47105
1767170675.136647694 -14.879 1.09611 1.49891 -14.8881 1.08603 1.47112
1767170675.146451259 -14.8781 1.09595 1.49887 -14.8875 1.08589 1.47121
1767170675.156698430 -14.8772 1.09579 1.49882 -14.8868 1.08573 1.47131
1767170675.167857081 -14.8762 1.0956 1.49877 -14.886 1.08555 1.47144
1767170675.176531025 -14.8754 1.09544 1.49872 -14.8853 1.08543 1.47156
1767170675.186945199 -14.8744 1.09526 1.49867 -14.8844 1.08532 1.47171
1767170675.196452088 -14.8734 1.09508 1.49862 -14.8833 1.08528 1.47188
1767170675.206844036 -14.8724 1.09489 1.49857 -14.8822 1.08529 1.47206
1767170675.216215266 -14.8714 1.0947 1.49852 -14.8808 1.08538 1.47224
1767170675.226147850 -14.8703 1.0945 1.49846 -14.8794 1.08554 1.47243
1767170675.236283187 -14.8692 1.0943 1.4984 -14.8777 1.08576 1.47261
1767170675.246243201 -14.8681 1.09409 1.49835 -14.8759 1.08606 1.47279
1767170675.256649096 -14.8669 1.09387 1.49828 -14.874 1.0864 1.47296
1767170675.266893446 -14.8657 1.09365 1.49822 -14.8719 1.08679 1.47313
1767170675.276169949 -14.8646 1.09344 1.49816 -14.8698 1.08721 1.4733
1767170675.286573673 -14.8633 1.09321 1.4981 -14.8676 1.08765 1.47347
1767170675.296730262 -14.862 1.09297 1.49803 -14.8654 1.08808 1.47366
1767170675.307015943 -14.8607 1.09273 1.49796 -14.8632 1.08849 1.47385
1767170675.316525346 -14.8595 1.09249 1.4979 -14.861 1.08886 1.47405
1767170675.326594787 -14.8581 1.09224 1.49783 -14.8589 1.08918 1.47427
1767170675.336158302 -14.8568 1.092 1.49776 -14.8569 1.08944 1.47449
1767170675.346811852 -14.8553 1.09173 1.49768 -14.855 1.08963 1.47472
1767170675.356669249 -14.8539 1.09146 1.49761 -14.8532 1.08973 1.47495
1767170675.366613121 -14.8525 1.0912 1.49753 -14.8515 1.08974 1.47518
1767170675.376285628 -14.851 1.09093 1.49746 -14.8499 1.08967 1.4754
1767170675.386309673 -14.8495 1.09065 1.49738 -14.8484 1.0895 1.47562
1767170675.396465771 -14.848 1.09036 1.4973 -14.8471 1.08925 1.47582
1767170675.406597689 -14.8464 1.09007 1.49722 -14.8458 1.08892 1.47602
1767170675.417061955 -14.8447 1.08976 1.49713 -14.8447 1.08853 1.4762
1767170675.426746332 -14.8431 1.08947 1.49705 -14.8435 1.08807 1.47639
1767170675.436562812 -14.8415 1.08916 1.49696 -14.8425 1.08762 1.47655
1767170675.446649574 -14.8398 1.08884 1.49688 -14.8414 1.08708 1.47673
1767170675.456474860 -14.8381 1.08853 1.49679 -14.8402 1.08653 1.47691
1767170675.466152832 -14.8364 1.08821 1.4967 -14.839 1.08597 1.4771
1767170675.476730935 -14.8345 1.08786 1.4966 -14.8377 1.08541 1.47729
1767170675.486176817 -14.8327 1.08755 1.49651 -14.8362 1.08487 1.47748
1767170675.496670223 -14.8308 1.08719 1.49641 -14.8347 1.08436 1.47767
1767170675.507798914 -14.8287 1.0868 1.4963 -14.8328 1.08385 1.47788
1767170675.517651986 -14.8269 1.08646 1.49621 -14.8311 1.08346 1.47804
1767170675.526210357 -14.8251 1.08614 1.49612 -14.8292 1.08308 1.47821
1767170675.536538199 -14.8231 1.08576 1.49601 -14.827 1.08275 1.47838
1767170675.546682592 -14.8211 1.08538 1.49591 -14.8247 1.08246 1.47853
1767170675.556806795 -14.819 1.085 1.4958 -14.8223 1.08222 1.47867
1767170675.567147067 -14.8168 1.0846 1.49569 -14.8198 1.08202 1.4788
1767170675.576829435 -14.8148 1.08422 1.49558 -14.8172 1.08185 1.47892
1767170675.586377129 -14.8127 1.08383 1.49547 -14.8145 1.08172 1.47904
1767170675.597146097 -14.8104 1.08341 1.49535 -14.8118 1.0816 1.47916
1767170675.606570598 -14.8082 1.08301 1.49524 -14.809 1.08148 1.47927
1767170675.617355941 -14.8059 1.08257 1.49512 -14.8062 1.08137 1.47938
1767170675.626625709 -14.8037 1.08217 1.49501 -14.8034 1.08125 1.4795
1767170675.638019241 -14.8011 1.08168 1.49487 -14.8004 1.08108 1.47963
1767170675.646962461 -14.7989 1.08129 1.49476 -14.798 1.08093 1.47974
1767170675.657059888 -14.7965 1.08084 1.49463 -14.7956 1.08074 1.47985
1767170675.667467462 -14.794 1.08036 1.4945 -14.793 1.08049 1.47998
1767170675.676656363 -14.7917 1.07994 1.49438 -14.7908 1.08022 1.48008
1767170675.686718264 -14.7892 1.07949 1.49426 -14.7885 1.07992 1.48019
1767170675.697580209 -14.7866 1.079 1.49412 -14.7861 1.07953 1.4803
1767170675.707080717 -14.7841 1.07853 1.49399 -14.7838 1.0791 1.48041
1767170675.716999985 -14.7815 1.07805 1.49385 -14.7814 1.07861 1.48052
1767170675.726813275 -14.7788 1.07756 1.49372 -14.7791 1.07808 1.48062
1767170675.737509404 -14.7759 1.07703 1.49357 -14.7769 1.0775 1.48071
1767170675.747490354 -14.7733 1.07653 1.49343 -14.7746 1.07688 1.48081
1767170675.757655837 -14.7704 1.076 1.49328 -14.7722 1.07624 1.4809
1767170675.767096479 -14.7677 1.07551 1.49314 -14.7699 1.07557 1.48098
1767170675.777224571 -14.7649 1.07497 1.49299 -14.7674 1.07488 1.48107
1767170675.786980470 -14.762 1.07444 1.49284 -14.7649 1.07418 1.48115
1767170675.797684742 -14.7592 1.07392 1.4927 -14.7623 1.07347 1.48123
1767170675.807247216 -14.7562 1.07336 1.49254 -14.7596 1.07277 1.4813
1767170675.817252311 -14.753 1.07277 1.49238 -14.7568 1.07208 1.48137
1767170675.826994880 -14.7501 1.07224 1.49223 -14.7538 1.0714 1.48143
1767170675.837649930 -14.7469 1.07164 1.49206 -14.7508 1.07073 1.48148
1767170675.847446140 -14.7439 1.07108 1.4919 -14.7476 1.07009 1.48152
1767170675.858431072 -14.7405 1.07046 1.49173 -14.7443 1.06946 1.48155
1767170675.867295746 -14.7374 1.06989 1.49157 -14.7409 1.06886 1.48158
1767170675.876955352 -14.7343 1.06931 1.49141 -14.7374 1.06828 1.48159
1767170675.886824914 -14.731 1.0687 1.49124 -14.7338 1.06772 1.4816
1767170675.896536482 -14.7278 1.0681 1.49107 -14.7301 1.06718 1.4816
1767170675.906810023 -14.7244 1.06748 1.49089 -14.7264 1.06665 1.48159
1767170675.916684965 -14.7209 1.06683 1.49071 -14.7226 1.06613 1.48158
1767170675.927066128 -14.7174 1.06618 1.49053 -14.7188 1.06562 1.48157
1767170675.936787137 -14.7139 1.06554 1.49035 -14.7149 1.0651 1.48155
1767170675.946319190 -14.7106 1.06492 1.49018 -14.7115 1.06464 1.48153
1767170675.957110234 -14.7067 1.06421 1.48998 -14.7073 1.06406 1.48151
1767170675.966749450 -14.7032 1.06356 1.4898 -14.7034 1.06353 1.48149
1767170675.976773165 -14.6996 1.06289 1.48961 -14.6996 1.06297 1.48146
1767170675.987152069 -14.6957 1.06217 1.48941 -14.6958 1.0624 1.48144
1767170675.997201115 -14.692 1.06147 1.48921 -14.692 1.0618 1.48141
1767170676.007523567 -14.6883 1.06079 1.48902 -14.6882 1.06118 1.48138
1767170676.017599996 -14.6844 1.06008 1.48882 -14.6845 1.06053 1.48134
1767170676.027187173 -14.6807 1.05938 1.48863 -14.6807 1.05985 1.4813
1767170676.037007461 -14.6767 1.05865 1.48842 -14.677 1.05914 1.48126
1767170676.047089464 -14.6726 1.05789 1.48821 -14.6732 1.05841 1.48122
1767170676.056820084 -14.669 1.05722 1.48802 -14.6698 1.05772 1.48117
1767170676.067163049 -14.6649 1.05646 1.48781 -14.6656 1.05686 1.48111
1767170676.077240817 -14.6605 1.05565 1.48758 -14.6618 1.05605 1.48106
1767170676.086920736 -14.6567 1.05494 1.48738 -14.6578 1.05522 1.48099
1767170676.097010734 -14.6525 1.05416 1.48716 -14.6539 1.05437 1.48093
1767170676.106769434 -14.6482 1.05338 1.48695 -14.6503 1.0536 1.48086
1767170676.116675099 -14.6438 1.05256 1.48672 -14.6458 1.05264 1.48078
1767170676.126604623 -14.6396 1.05177 1.4865 -14.6416 1.05176 1.4807
1767170676.136269151 -14.6353 1.05099 1.48628 -14.6373 1.05087 1.48061
1767170676.146300469 -14.6309 1.05017 1.48605 -14.6329 1.04998 1.48052
1767170676.157533645 -14.626 1.04925 1.48579 -14.6285 1.0491 1.48042
1767170676.166271651 -14.622 1.04852 1.48559 -14.6244 1.0483 1.48032
1767170676.176753429 -14.6172 1.04764 1.48534 -14.6198 1.04742 1.48021
1767170676.186370617 -14.6129 1.04683 1.48511 -14.6151 1.04654 1.48009
1767170676.196282150 -14.6083 1.04598 1.48487 -14.6104 1.04567 1.47996
1767170676.207392203 -14.6031 1.04502 1.4846 -14.6055 1.0448 1.47983
1767170676.216896658 -14.5986 1.04418 1.48437 -14.6006 1.04393 1.47969
1767170676.226862803 -14.5939 1.04331 1.48413 -14.5957 1.04307 1.47954
1767170676.236883400 -14.5891 1.04243 1.48388 -14.5906 1.04221 1.47939
1767170676.246572070 -14.5844 1.04155 1.48363 -14.5856 1.04136 1.47924
1767170676.257661173 -14.5791 1.04058 1.48336 -14.5805 1.0405 1.47908
1767170676.267829843 -14.5743 1.03968 1.48311 -14.5754 1.03963 1.47892
1767170676.276891997 -14.5694 1.03878 1.48286 -14.5702 1.03877 1.47876
1767170676.286545916 -14.5645 1.03788 1.48261 -14.565 1.03789 1.47859
1767170676.296878816 -14.5592 1.03689 1.48233 -14.5598 1.03701 1.47842
1767170676.307092471 -14.554 1.03593 1.48206 -14.5598 1.03701 1.47842
1767170676.316784300 -14.5488 1.03497 1.48179 -14.5546 1.03611 1.47825
1767170676.326831998 -14.5436 1.034 1.48152 -14.5494 1.03521 1.47807
1767170676.336721031 -14.5384 1.03303 1.48125 -14.5441 1.03428 1.47789
1767170676.346608555 -14.5331 1.03205 1.48098 -14.5389 1.03334 1.47771
1767170676.356758495 -14.5276 1.03103 1.48069 -14.5336 1.03239 1.47752
1767170676.366604408 -14.5223 1.03005 1.48041 -14.5283 1.03141 1.47733
1767170676.376559213 -14.5168 1.02904 1.48013 -14.5229 1.03042 1.47714
1767170676.386819092 -14.5111 1.02798 1.47984 -14.5175 1.02941 1.47694
1767170676.396768937 -14.5056 1.02696 1.47955 -14.5121 1.02838 1.47674
1767170676.407531487 -14.4995 1.02583 1.47923 -14.5066 1.02733 1.47653
1767170676.417290303 -14.494 1.02481 1.47895 -14.501 1.02626 1.47632
1767170676.426237294 -14.4888 1.02386 1.47868 -14.4954 1.02517 1.4761
1767170676.436375214 -14.483 1.02277 1.47838 -14.4898 1.02406 1.47588
1767170676.446201907 -14.4772 1.02171 1.47808 -14.484 1.02294 1.47566
1767170676.456625833 -14.4711 1.02057 1.47776 -14.4782 1.0218 1.47543
1767170676.466668730 -14.4653 1.0195 1.47746 -14.4722 1.02065 1.47519
1767170676.476449542 -14.4593 1.01839 1.47715 -14.4662 1.01949 1.47495
1767170676.486103430 -14.4535 1.01732 1.47685 -14.4601 1.01831 1.4747
1767170676.496573248 -14.4472 1.01614 1.47652 -14.4546 1.01723 1.47447
1767170676.507114632 -14.4407 1.01495 1.47619 -14.4477 1.01591 1.47418
1767170676.516520999 -14.4349 1.01387 1.47588 -14.4413 1.0147 1.47391
1767170676.526889774 -14.4285 1.01268 1.47555 -14.4348 1.01349 1.47363
1767170676.536336918 -14.4225 1.01158 1.47524 -14.4283 1.01226 1.47335
1767170676.546318385 -14.4162 1.0104 1.47491 -14.4217 1.01103 1.47306
1767170676.556505981 -14.4097 1.0092 1.47458 -14.415 1.00979 1.47277
1767170676.566552533 -14.4032 1.008 1.47424 -14.4083 1.00855 1.47247
1767170676.576704154 -14.3967 1.00679 1.4739 -14.4015 1.00731 1.47216
1767170676.586630309 -14.3902 1.00559 1.47356 -14.3946 1.00606 1.47185
1767170676.596444096 -14.3837 1.00439 1.47323 -14.3877 1.00481 1.47154
1767170676.607485897 -14.3766 1.00307 1.47286 -14.3808 1.00355 1.47123
1767170676.616771546 -14.3702 1.00188 1.47253 -14.3738 1.00229 1.47091
1767170676.626721527 -14.3634 1.00064 1.47218 -14.3668 1.00103 1.47059
1767170676.636848112 -14.3566 0.999366 1.47182 -14.3604 0.999885 1.4703
1767170676.646537646 -14.3499 0.998136 1.47148 -14.3534 0.998612 1.46997
1767170676.656366109 -14.3432 0.996886 1.47113 -14.3463 0.997335 1.46965
1767170676.666435586 -14.3361 0.995582 1.47076 -14.3392 0.996052 1.46932
1767170676.676805691 -14.3289 0.99424 1.47039 -14.332 0.994763 1.46898
1767170676.686432019 -14.3221 0.992983 1.47004 -14.3249 0.993467 1.46865
1767170676.697224855 -14.3148 0.991627 1.46966 -14.3177 0.992164 1.46831
1767170676.706910059 -14.3079 0.990345 1.4693 -14.3105 0.990852 1.46797
1767170676.717495259 -14.3006 0.989002 1.46892 -14.3033 0.989531 1.46763
1767170676.726830924 -14.2931 0.987616 1.46853 -14.296 0.9882 1.46729
1767170676.736607955 -14.286 0.986287 1.46816 -14.2887 0.986858 1.46694
1767170676.746250793 -14.2789 0.984972 1.46779 -14.2814 0.985506 1.4666
1767170676.756749972 -14.2711 0.983529 1.46739 -14.274 0.984142 1.46624
1767170676.766516294 -14.2638 0.982179 1.46701 -14.2666 0.982766 1.46589
1767170676.776448478 -14.2563 0.980795 1.46662 -14.2591 0.981377 1.46553
1767170676.786253781 -14.2489 0.979417 1.46624 -14.2516 0.979976 1.46517
1767170676.796328218 -14.2412 0.977994 1.46584 -14.2448 0.978704 1.46484
1767170676.807260317 -14.2328 0.976446 1.46541 -14.2364 0.977134 1.46444
1767170676.816797443 -14.2253 0.975064 1.46502 -14.2287 0.975694 1.46407
1767170676.826553354 -14.2177 0.973657 1.46462 -14.2209 0.974241 1.4637
1767170676.836492768 -14.2099 0.97221 1.46422 -14.2131 0.972774 1.46332
1767170676.846229768 -14.2023 0.970787 1.46382 -14.2052 0.971295 1.46293
1767170676.856572442 -14.1941 0.969269 1.4634 -14.1972 0.969804 1.46255
1767170676.866289462 -14.1863 0.967826 1.46299 -14.1891 0.968301 1.46216
1767170676.876257028 -14.1782 0.966336 1.46257 -14.181 0.966786 1.46176
1767170676.886541792 -14.1699 0.96479 1.46214 -14.1728 0.96526 1.46136
1767170676.896807235 -14.1615 0.963236 1.46171 -14.1645 0.963723 1.46096
1767170676.906691127 -14.1533 0.961729 1.46128 -14.1562 0.962175 1.46055
1767170676.916831707 -14.145 0.960186 1.46085 -14.1478 0.960617 1.46014
1767170676.926420954 -14.1369 0.958692 1.46043 -14.1394 0.95905 1.45972
1767170676.936423621 -14.1285 0.957131 1.46 -14.1308 0.957473 1.4593
1767170676.946918134 -14.1198 0.955521 1.45955 -14.1223 0.955888 1.45888
1767170676.957064174 -14.1111 0.953899 1.45909 -14.1136 0.954293 1.45845
1767170676.967574587 -14.1025 0.952321 1.45865 -14.105 0.952691 1.45802
1767170676.976682498 -14.0942 0.950775 1.45822 -14.0962 0.95108 1.45759
1767170676.986626736 -14.0856 0.94919 1.45777 -14.0874 0.94946 1.45715
1767170676.996736636 -14.0769 0.947567 1.45732 -14.0786 0.947833 1.45672
1767170677.006763578 -14.068 0.945926 1.45686 -14.0697 0.946198 1.45627
1767170677.016527015 -14.0593 0.944319 1.45641 -14.0608 0.944555 1.45583
1767170677.026502203 -14.0505 0.942677 1.45595 -14.0519 0.942904 1.45538
1767170677.036735956 -14.0413 0.940974 1.45547 -14.0429 0.941244 1.45493
1767170677.046942789 -14.0322 0.939296 1.455 -14.0338 0.939576 1.45448
1767170677.057191983 -14.023 0.937584 1.45452 -14.0247 0.9379 1.45403
1767170677.066872810 -14.0141 0.935947 1.45407 -14.0156 0.936214 1.45357
1767170677.076939389 -14.0049 0.934235 1.45359 -14.0064 0.934519 1.45311
1767170677.086157499 -13.9963 0.932648 1.45314 -13.9972 0.932815 1.45264
1767170677.096583102 -13.9869 0.930907 1.45265 -13.9888 0.931274 1.45222
1767170677.107594994 -13.9765 0.928974 1.45211 -13.9786 0.929378 1.45171
1767170677.116082857 -13.9683 0.927471 1.45169 -13.9692 0.927644 1.45124
1767170677.126985832 -13.9582 0.925599 1.45117 -13.9607 0.926075 1.45081
1767170677.136382421 -13.9491 0.923907 1.45069 -13.9503 0.924145 1.45028
1767170677.146300918 -13.9396 0.922155 1.4502 -13.9408 0.922379 1.4498
1767170677.156539132 -13.9298 0.920333 1.44969 -13.9312 0.920602 1.44932
1767170677.166368697 -13.9203 0.918569 1.4492 -13.9215 0.918813 1.44883
1767170677.176881658 -13.9101 0.91668 1.44867 -13.9118 0.917013 1.44834
1767170677.186491956 -13.9006 0.914935 1.44818 -13.9021 0.915202 1.44785
1767170677.196771511 -13.8905 0.913057 1.44766 -13.8922 0.913379 1.44735
1767170677.207563152 -13.88 0.911109 1.44711 -13.8823 0.911544 1.44685
1767170677.217063413 -13.8705 0.909344 1.44662 -13.8724 0.909698 1.44634
1767170677.226944358 -13.8606 0.907526 1.44611 -13.8624 0.907841 1.44584
1767170677.236207289 -13.8512 0.905775 1.44562 -13.8523 0.905972 1.44532
1767170677.246712200 -13.8405 0.903795 1.44506 -13.8432 0.90428 1.44486
1767170677.256436612 -13.8306 0.901963 1.44455 -13.832 0.9022 1.44429
1767170677.266887911 -13.8306 0.901963 1.44455 -13.8114 0.898383 1.44324
1767170677.267007124 -13.8199 0.89998 1.44399 -13.8114 0.898383 1.44324
1767170677.276740776 -13.8098 0.898106 1.44347 -13.801 0.896458 1.44271
1767170677.286579930 -13.7998 0.896256 1.44295 -13.7916 0.894717 1.44224
1767170677.296666262 -13.7891 0.894275 1.4424 -13.78 0.892577 1.44165
1767170677.306694790 -13.7789 0.892382 1.44187 -13.7695 0.890621 1.44111
1767170677.316810931 -13.768 0.890371 1.4413 -13.7589 0.888655 1.44056
1767170677.326712407 -13.7577 0.888464 1.44077 -13.7482 0.88668 1.44001
1767170677.336669235 -13.747 0.886477 1.44021 -13.7375 0.884696 1.43946
1767170677.346421258 -13.7365 0.884546 1.43967 -13.7267 0.882704 1.43891
1767170677.356803454 -13.7253 0.882466 1.43909 -13.7159 0.880704 1.43835
1767170677.366685495 -13.7147 0.880501 1.43854 -13.7051 0.878698 1.43779
1767170677.376926704 -13.7037 0.87846 1.43797 -13.6942 0.876686 1.43723
1767170677.387039890 -13.6926 0.876405 1.43739 -13.6833 0.874669 1.43667
1767170677.396556631 -13.6821 0.874469 1.43685 -13.6724 0.872648 1.4361
1767170677.406463837 -13.6711 0.872418 1.43628 -13.6614 0.870622 1.43554
1767170677.416472716 -13.6599 0.870351 1.4357 -13.6504 0.868593 1.43497
1767170677.426991706 -13.6482 0.868187 1.43509 -13.6395 0.86656 1.4344
1767170677.436708678 -13.6372 0.866154 1.43452 -13.6285 0.864524 1.43382
1767170677.446461960 -13.6263 0.864134 1.43396 -13.6174 0.862485 1.43325
1767170677.457615466 -13.6137 0.861793 1.4333 -13.6064 0.860441 1.43268
1767170677.466309815 -13.6037 0.859946 1.43279 -13.5953 0.858393 1.4321
1767170677.476811024 -13.5921 0.857794 1.43218 -13.5842 0.85634 1.43152
1767170677.487583717 -13.5799 0.855541 1.43155 -13.5731 0.854281 1.43094
1767170677.496820272 -13.5688 0.853484 1.43098 -13.5619 0.852214 1.43036
1767170677.507424044 -13.5569 0.851278 1.43036 -13.5507 0.85014 1.42977
1767170677.517563526 -13.5451 0.8491 1.42975 -13.5395 0.848056 1.42919
1767170677.526597910 -13.5342 0.847069 1.42918 -13.5281 0.845961 1.4286
1767170677.536987487 -13.522 0.844823 1.42855 -13.5167 0.843855 1.428
1767170677.546844602 -13.5105 0.842681 1.42795 -13.5053 0.841736 1.42741
1767170677.556852141 -13.4986 0.840475 1.42733 -13.4938 0.839603 1.42681
1767170677.566650414 -13.4866 0.838265 1.42671 -13.4821 0.837456 1.42621
1767170677.576651653 -13.4976 0.899558 1.49988 -13.4704 0.835293 1.4256
1767170677.586523139 -13.4857 0.897353 1.49926 -13.4587 0.833113 1.42499
1767170677.597205623 -13.4733 0.895051 1.49861 -13.4468 0.830917 1.42441
1767170677.607535878 -13.4607 0.892713 1.49796 -13.4348 0.828705 1.42386
1767170677.618184029 -13.4479 0.890345 1.4973 -13.4227 0.826482 1.42338
1767170677.626549037 -13.4378 0.888484 1.49678 -13.413 0.8247 1.42303
1767170677.636901979 -13.4255 0.886196 1.49613 -13.3996 0.822256 1.42263
1767170677.646815536 -13.4133 0.883932 1.4955 -13.3873 0.820055 1.42234
1767170677.657495980 -13.4006 0.881581 1.49484 -13.375 0.817892 1.42213
1767170677.666770621 -13.3895 0.879534 1.49427 -13.3626 0.815787 1.422
1767170677.676765908 -13.3773 0.877276 1.49364 -13.3503 0.813761 1.42194
1767170677.686248841 -13.3662 0.875206 1.49306 -13.3392 0.812023 1.42194
1767170677.696869579 -13.3534 0.872827 1.49239 -13.3257 0.810029 1.42202
1767170677.706501894 -13.3418 0.870681 1.49179 -13.3136 0.808362 1.42216
1767170677.716859907 -13.3293 0.86836 1.49114 -13.3015 0.806848 1.42234
1767170677.727123105 -13.3172 0.866115 1.49051 -13.2895 0.805496 1.42257
1767170677.737278061 -13.3053 0.8639 1.48989 -13.2776 0.804314 1.42282
1767170677.746953262 -13.2934 0.861686 1.48927 -13.2659 0.8033 1.42309
1767170677.758068167 -13.2801 0.859209 1.48858 -13.2543 0.802449 1.42338
1767170677.766716728 -13.2697 0.857283 1.48804 -13.244 0.801812 1.42364
1767170677.777165807 -13.2571 0.854943 1.48738 -13.2327 0.801235 1.42394
1767170677.786965690 -13.2454 0.852756 1.48677 -13.2215 0.800774 1.42423
1767170677.797054870 -13.2334 0.850524 1.48614 -13.2104 0.800406 1.42453
1767170677.806684490 -13.2222 0.848423 1.48556 -13.2016 0.800161 1.42478
1767170677.817190351 -13.2097 0.846096 1.4849 -13.1896 0.799866 1.42512
1767170677.827067947 -13.1974 0.843804 1.48426 -13.1787 0.79961 1.42544
1767170677.836549153 -13.186 0.841674 1.48367 -13.1678 0.799336 1.42577
1767170677.846751286 -13.1738 0.839402 1.48303 -13.157 0.799016 1.42612
1767170677.858172028 -13.1607 0.836941 1.48234 -13.1461 0.798625 1.42648
1767170677.867522881 -13.1495 0.834845 1.48175 -13.1352 0.798141 1.42685
1767170677.877485409 -13.1376 0.832613 1.48113 -13.1242 0.797546 1.42722
1767170677.886223452 -13.1266 0.83055 1.48055 -13.1142 0.796904 1.42756
1767170677.897397798 -13.1138 0.828162 1.47988 -13.1019 0.795974 1.42797
1767170677.906932130 -13.1021 0.825951 1.47926 -13.0907 0.794985 1.42834
1767170677.917095283 -13.0896 0.823604 1.4786 -13.0793 0.793863 1.42869
1767170677.926185839 -13.0786 0.821547 1.47803 -13.069 0.792742 1.429
1767170677.937062659 -13.0662 0.819198 1.47737 -13.0562 0.791242 1.42936
1767170677.947016585 -13.0538 0.816874 1.47672 -13.0445 0.789768 1.42967
1767170677.957125926 -13.0418 0.814599 1.47608 -13.0328 0.788206 1.42996
1767170677.967111565 -13.03 0.812384 1.47546 -13.0209 0.786574 1.43024
1767170677.976909997 -13.0182 0.81014 1.47483 -13.009 0.784891 1.43051
1767170677.987458739 -13.0058 0.807799 1.47417 -12.9971 0.783177 1.43077
1767170677.997342889 -12.9938 0.805527 1.47353 -12.9852 0.781452 1.43103
1767170678.006721132 -12.9826 0.803408 1.47294 -12.9732 0.779732 1.43128
1767170678.016353829 -12.9709 0.801185 1.47232 -12.9624 0.778202 1.4315
1767170678.027068126 -12.9581 0.798762 1.47164 -12.9493 0.776369 1.43176
1767170678.036844300 -12.9464 0.796541 1.47101 -12.9374 0.774747 1.43199
1767170678.047061235 -12.9342 0.794217 1.47036 -12.9256 0.773175 1.43221
1767170678.057146247 -12.9221 0.791909 1.46972 -12.9138 0.771654 1.43242
1767170678.067403964 -12.9103 0.789661 1.46909 -12.9021 0.770184 1.43262
1767170678.077062855 -12.8984 0.787388 1.46845 -12.8904 0.76876 1.43281
1767170678.086649295 -12.8869 0.785177 1.46783 -12.8788 0.767375 1.43298
1767170678.096987054 -12.8746 0.782821 1.46717 -12.8673 0.766019 1.43314
1767170678.106944512 -12.8626 0.78052 1.46652 -12.8558 0.76468 1.43328
1767170678.116683566 -12.851 0.778292 1.4659 -12.8444 0.763346 1.43341
1767170678.127040586 -12.8386 0.775914 1.46523 -12.833 0.762002 1.43353
1767170678.138546662 -12.825 0.773293 1.46449 -12.8216 0.760633 1.43364
1767170678.146163354 -12.8158 0.771519 1.46399 -12.8125 0.759512 1.43371
1767170678.156263107 -12.8038 0.769203 1.46334 -12.8011 0.758065 1.4338
1767170678.167214586 -12.7908 0.766707 1.46264 -12.7897 0.756558 1.43387
1767170678.176239997 -12.78 0.764601 1.46205 -12.7782 0.75498 1.43392
1767170678.187567079 -12.7664 0.761972 1.46131 -12.7656 0.753153 1.43397
1767170678.196422702 -12.7558 0.759924 1.46074 -12.7553 0.751582 1.43399
1767170678.206376651 -12.744 0.757625 1.46009 -12.7437 0.749754 1.434
1767170678.216656727 -12.7317 0.755238 1.45942 -12.7321 0.747837 1.434
1767170678.226386362 -12.7201 0.752979 1.45879 -12.7204 0.745835 1.43397
1767170678.236607477 -12.7081 0.750634 1.45813 -12.7087 0.743752 1.43393
1767170678.246220518 -12.6965 0.748365 1.45749 -12.6968 0.741596 1.43387
1767170678.257051419 -12.6836 0.74584 1.45678 -12.6838 0.739148 1.43378
1767170678.266746582 -12.6721 0.74358 1.45615 -12.6742 0.737327 1.4337
1767170678.276118117 -12.6609 0.741393 1.45553 -12.6623 0.735012 1.43359
1767170678.286651950 -12.6484 0.738938 1.45484 -12.6503 0.732664 1.43346
1767170678.297038499 -12.636 0.736488 1.45416 -12.637 0.730061 1.4333
1767170678.307030969 -12.6243 0.73419 1.45351 -12.6261 0.727925 1.43317
1767170678.316363963 -12.613 0.731959 1.45288 -12.6141 0.725556 1.433
1767170678.327607683 -12.5997 0.729313 1.45214 -12.6008 0.722968 1.43281
1767170678.336622289 -12.589 0.727198 1.45154 -12.5899 0.720872 1.43264
1767170678.346443525 -12.5772 0.724863 1.45089 -12.5778 0.718572 1.43244
1767170678.356568788 -12.5652 0.722473 1.45022 -12.5658 0.716308 1.43224
1767170678.366524217 -12.5533 0.720108 1.44955 -12.5538 0.714084 1.43202
1767170678.376160968 -12.542 0.717849 1.44891 -12.5418 0.711899 1.43179
1767170678.386642560 -12.5295 0.715356 1.44821 -12.5299 0.709752 1.43155
1767170678.396425475 -12.5178 0.713018 1.44756 -12.518 0.707642 1.4313
1767170678.406338392 -12.5061 0.710672 1.4469 -12.5061 0.705563 1.43104
1767170678.416103396 -12.4945 0.708325 1.44624 -12.4943 0.703509 1.43077
1767170678.426096946 -12.4826 0.705944 1.44557 -12.4825 0.701473 1.43049
1767170678.436308821 -12.4705 0.703494 1.44488 -12.4708 0.699447 1.4302
1767170678.446212970 -12.4587 0.701122 1.44421 -12.459 0.697422 1.4299
1767170678.456493831 -12.4466 0.698664 1.44352 -12.4473 0.69539 1.42959
1767170678.466559278 -12.4347 0.696252 1.44284 -12.4357 0.693343 1.42927
1767170678.476715332 -12.4232 0.693917 1.44218 -12.424 0.691272 1.42894
1767170678.486651150 -12.4109 0.691424 1.44148 -12.4123 0.689171 1.4286
1767170678.497841589 -12.3976 0.688723 1.44072 -12.3994 0.686817 1.42822
1767170678.506447785 -12.3874 0.686628 1.44013 -12.3889 0.684855 1.4279
1767170678.516531352 -12.3754 0.684182 1.43944 -12.3772 0.682632 1.42754
1767170678.526216609 -12.3639 0.681832 1.43878 -12.3655 0.680362 1.42716
1767170678.536207124 -12.3521 0.679403 1.43809 -12.3537 0.678046 1.42678
1767170678.546569088 -12.3398 0.67688 1.43738 -12.3419 0.675684 1.42639
1767170678.556176908 -12.3284 0.674532 1.43672 -12.3301 0.673278 1.42599
1767170678.567676456 -12.3148 0.671719 1.43593 -12.3171 0.670585 1.42554
1767170678.577234950 -12.3036 0.669396 1.43527 -12.3053 0.668101 1.42512
1767170678.587985093 -12.2911 0.666804 1.43454 -12.2934 0.665587 1.4247
1767170678.596647722 -12.2807 0.664645 1.43393 -12.2827 0.663304 1.4243
1767170678.606474878 -12.2691 0.662226 1.43325 -12.2707 0.660751 1.42386
1767170678.617688617 -12.2558 0.659468 1.43247 -12.2576 0.65793 1.42337
1767170678.626513589 -12.2453 0.657264 1.43185 -12.2469 0.655618 1.42295
1767170678.636504540 -12.2335 0.654806 1.43116 -12.2349 0.653051 1.42249
1767170678.646549760 -12.2216 0.652306 1.43045 -12.223 0.650491 1.42202
1767170678.657044933 -12.2095 0.649765 1.42974 -12.211 0.647942 1.42154
1767170678.666549531 -12.1979 0.647326 1.42905 -12.1991 0.64541 1.42106
1767170678.676447328 -12.1865 0.644905 1.42836 -12.1872 0.642895 1.42056
1767170678.686666763 -12.1743 0.64233 1.42764 -12.1753 0.640401 1.42007
1767170678.696522921 -12.1626 0.639864 1.42694 -12.1634 0.637929 1.41957
1767170678.706969951 -12.1504 0.637273 1.42621 -12.1515 0.635477 1.41906
1767170678.716341856 -12.1394 0.634919 1.42555 -12.1397 0.633046 1.41854
1767170678.726313436 -12.1276 0.632406 1.42484 -12.1278 0.630632 1.41802
1767170678.736706045 -12.1153 0.629778 1.42409 -12.1161 0.628234 1.41749
1767170678.746511570 -12.1037 0.627299 1.42339 -12.1043 0.625847 1.41696
1767170678.756533611 -12.0919 0.624765 1.42268 -12.0925 0.623468 1.41642
1767170678.766412568 -12.0803 0.622264 1.42197 -12.0808 0.621093 1.41587
1767170678.776248694 -12.0684 0.619712 1.42125 -12.0691 0.618716 1.41532
1767170678.786465951 -12.0565 0.617147 1.42053 -12.0574 0.616334 1.41476
1767170678.796417889 -12.0448 0.614599 1.41981 -12.0457 0.613943 1.4142
1767170678.806633704 -12.0328 0.612001 1.41907 -12.034 0.611537 1.41363
1767170678.816701661 -12.0208 0.609407 1.41834 -12.0223 0.609115 1.41306
1767170678.826580553 -12.0093 0.606897 1.41763 -12.0106 0.606672 1.41248
1767170678.836507241 -11.9976 0.60435 1.41691 -11.9989 0.604207 1.41189
1767170678.846540527 -11.9859 0.601777 1.41618 -11.9872 0.601717 1.41131
1767170678.856554002 -11.9741 0.5992 1.41545 -11.9755 0.599203 1.41071
1767170678.867020773 -11.8973 0.499402 1.49983 -11.9638 0.596662 1.41011
1767170678.876478740 -11.8861 0.496941 1.49914 -11.9521 0.594097 1.40951
1767170678.887754911 -11.8728 0.494044 1.49832 -11.9392 0.591246 1.40889
1767170678.896389018 -11.8626 0.491802 1.49768 -11.9287 0.588889 1.40843
1767170678.907099366 -11.8508 0.489219 1.49695 -11.9169 0.586242 1.40798
1767170678.917424618 -11.8378 0.486353 1.49614 -11.9039 0.583285 1.4076
1767170678.926596843 -11.8271 0.484001 1.49548 -11.8933 0.58082 1.40737
1767170678.936449939 -11.8154 0.481434 1.49475 -11.8814 0.578019 1.40721
1767170678.946582933 -11.8035 0.478823 1.49401 -11.8695 0.575133 1.40714
1767170678.956287036 -11.792 0.47631 1.4933 -11.8576 0.57214 1.40717
1767170678.966772147 -11.7796 0.473591 1.49253 -11.8455 0.569017 1.40728
1767170678.976269895 -11.7686 0.471161 1.49184 -11.8333 0.565741 1.40746
1767170678.986485791 -11.7564 0.468497 1.49109 -11.821 0.56229 1.40771
1767170678.996124762 -11.7452 0.466025 1.49039 -11.8098 0.559019 1.40797
1767170679.006514452 -11.733 0.463358 1.48964 -11.796 0.554795 1.40834
1767170679.016754108 -11.7208 0.460675 1.48888 -11.7833 0.55073 1.40869
1767170679.026351800 -11.7096 0.458193 1.48817 -11.7704 0.546448 1.40906
1767170679.036291441 -11.6979 0.455623 1.48745 -11.7574 0.541954 1.40942
1767170679.046329862 -11.6861 0.453025 1.48671 -11.7443 0.537261 1.40978
1767170679.058230495 -11.6723 0.449996 1.48586 -11.7297 0.531888 1.41016
1767170679.067281859 -11.6616 0.447635 1.48519 -11.7163 0.526839 1.41049
1767170679.077084837 -11.65 0.445072 1.48446 -11.7028 0.521663 1.41082
1767170679.086503964 -11.6389 0.442642 1.48377 -11.6905 0.516925 1.41111
1767170679.096505646 -11.6271 0.440024 1.48303 -11.6769 0.511604 1.41144
1767170679.106197991 -11.6158 0.437538 1.48233 -11.6633 0.50626 1.41178
1767170679.116416577 -11.6037 0.434878 1.48158 -11.6496 0.500932 1.41213
1767170679.126725166 -11.5917 0.432216 1.48082 -11.636 0.495656 1.41249
1767170679.137305492 -11.5792 0.429456 1.48004 -11.6211 0.489953 1.41291
1767170679.146007403 -11.5689 0.42717 1.47939 -11.6089 0.485392 1.41327
1767170679.156092406 -11.5571 0.424569 1.47865 -11.5955 0.480457 1.41367
1767170679.167065786 -11.5444 0.421763 1.47786 -11.5822 0.475681 1.41407
1767170679.176386717 -11.5333 0.4193 1.47716 -11.5689 0.471073 1.41448
1767170679.187136406 -11.5212 0.416605 1.4764 -11.5558 0.466639 1.41487
1767170679.196467962 -11.5097 0.41407 1.47568 -11.5429 0.462376 1.41525
1767170679.206559746 -11.4979 0.411442 1.47493 -11.53 0.458276 1.41561
1767170679.217548451 -11.4849 0.40855 1.47411 -11.516 0.453937 1.41598
1767170679.226370755 -11.4745 0.406256 1.47346 -11.5046 0.450504 1.41627
1767170679.236419988 -11.4628 0.403638 1.47272 -11.4921 0.446791 1.41657
1767170679.246396129 -11.451 0.401024 1.47198 -11.4797 0.44316 1.41687
1767170679.256438942 -11.4393 0.398413 1.47124 -11.4673 0.439585 1.41715
1767170679.266392774 -11.4275 0.395785 1.47049 -11.4549 0.436038 1.41743
1767170679.276126578 -11.4162 0.393256 1.46978 -11.4426 0.432492 1.4177
1767170679.287554971 -11.4028 0.390261 1.46892 -11.4291 0.428566 1.418
1767170679.296397338 -11.3924 0.387931 1.46826 -11.418 0.425314 1.41825
1767170679.306523393 -11.3805 0.385282 1.46751 -11.4057 0.421643 1.41851
1767170679.316152336 -11.3692 0.382751 1.46679 -11.3934 0.417901 1.41878
1767170679.326334302 -11.3572 0.380068 1.46603 -11.381 0.414081 1.41903
1767170679.336366445 -11.3455 0.377438 1.46528 -11.3686 0.410181 1.41927
1767170679.347899873 -11.3321 0.374435 1.46443 -11.3549 0.405805 1.41953
1767170679.356159323 -11.3224 0.372256 1.46381 -11.3436 0.402164 1.41972
1767170679.368026900 -11.3084 0.369095 1.46291 -11.3298 0.397655 1.41994
1767170679.376306390 -11.2988 0.366932 1.4623 -11.3185 0.393933 1.42011
1767170679.386176829 -11.2872 0.364329 1.46156 -11.3059 0.389778 1.42029
1767170679.396065002 -11.2756 0.3617 1.46081 -11.2933 0.385626 1.42045
1767170679.406444999 -11.2634 0.358962 1.46003 -11.2806 0.381497 1.4206
1767170679.416155344 -11.252 0.356378 1.45929 -11.268 0.377412 1.42074
1767170679.427698633 -11.2385 0.353327 1.45843 -11.2541 0.372996 1.42088
1767170679.436377503 -11.2283 0.351012 1.45777 -11.2428 0.36946 1.42098
1767170679.446354274 -11.2168 0.348395 1.45702 -11.2303 0.365626 1.42108
1767170679.456458898 -11.2049 0.345696 1.45625 -11.2178 0.361907 1.42117
1767170679.466330416 -11.1933 0.343068 1.4555 -11.2054 0.35831 1.42123
1767170679.476186224 -11.1818 0.340453 1.45476 -11.193 0.354841 1.42128
1767170679.487095799 -11.1689 0.337522 1.45392 -11.1808 0.3515 1.4213
1767170679.496363748 -11.1582 0.335064 1.45322 -11.1686 0.348285 1.42129
1767170679.506578590 -11.1463 0.332349 1.45245 -11.1564 0.345187 1.42126
1767170679.516782957 -11.1343 0.329622 1.45167 -11.1444 0.342195 1.42121
1767170679.526180524 -11.1233 0.327088 1.45095 -11.1324 0.339295 1.42113
1767170679.539024544 -11.1098 0.324007 1.45007 -11.1193 0.33619 1.42102
1767170679.546747420 -11.0997 0.3217 1.44941 -11.1087 0.333699 1.42091
1767170679.557923730 -11.0878 0.318958 1.44863 -11.098 0.331237 1.42079
1767170679.566887017 -11.0762 0.316299 1.44787 -11.0863 0.328516 1.42064
1767170679.578626142 -11.064 0.313488 1.44706 -11.0757 0.326066 1.4205
1767170679.587699400 -11.0531 0.31096 1.44634 -11.064 0.323324 1.42033
1767170679.597352325 -11.0411 0.308191 1.44555 -11.0523 0.320547 1.42015
1767170679.606881915 -11.0298 0.30559 1.44481 -11.0429 0.318291 1.41999
1767170679.618770793 -11.0166 0.30254 1.44393 -11.0324 0.315708 1.41981
1767170679.627184151 -11.0058 0.300028 1.44321 -11.023 0.313367 1.41965
1767170679.636559632 -10.9948 0.297479 1.44249 -11.0112 0.310379 1.41943
1767170679.646913697 -10.9826 0.294639 1.44167 -10.9994 0.307319 1.41919
1767170679.657210980 -10.9708 0.291892 1.44089 -10.9876 0.304189 1.41895
1767170679.667232408 -10.9596 0.289286 1.44014 -10.9758 0.300994 1.41869
1767170679.676895087 -10.9479 0.286562 1.43936 -10.9639 0.29774 1.41842
1767170679.686582982 -10.9364 0.28387 1.43859 -10.952 0.294438 1.41814
1767170679.696786208 -10.9249 0.281179 1.43782 -10.94 0.291099 1.41784
1767170679.707209240 -10.9123 0.278237 1.43697 -10.928 0.287735 1.41753
1767170679.716527255 -10.9014 0.275674 1.43624 -10.9159 0.284362 1.41721
1767170679.726805164 -10.8891 0.272776 1.43541 -10.9039 0.280992 1.41688
1767170679.736361656 -10.8781 0.270201 1.43467 -10.8918 0.27764 1.41655
1767170679.746745736 -10.866 0.267353 1.43385 -10.8796 0.274317 1.4162
1767170679.756325847 -10.855 0.264741 1.4331 -10.8675 0.271035 1.41584
1767170679.766922164 -10.8431 0.261931 1.43229 -10.8554 0.267803 1.41547
1767170679.777005648 -10.8313 0.259147 1.43149 -10.8432 0.264629 1.41509
1767170679.787373728 -10.8189 0.256199 1.43065 -10.8311 0.261517 1.4147
1767170679.797145814 -10.8078 0.25358 1.42989 -10.819 0.25847 1.4143
1767170679.807488054 -10.7958 0.250731 1.42907 -10.8081 0.255783 1.41393
1767170679.816690936 -10.7846 0.248064 1.42831 -10.796 0.252857 1.41352
1767170679.826712539 -10.7729 0.245271 1.4275 -10.7839 0.24999 1.41308
1767170679.836165707 -10.7618 0.242615 1.42674 -10.7719 0.247175 1.41264
1767170679.846612179 -10.7499 0.239774 1.42592 -10.7599 0.244405 1.41219
1767170679.856931689 -10.7378 0.236882 1.42509 -10.7479 0.241669 1.41173
1767170679.867031609 -10.726 0.234052 1.42427 -10.736 0.238958 1.41126
1767170679.876483348 -10.7152 0.231445 1.42352 -10.7241 0.236261 1.41078
1767170679.886459123 -10.7033 0.228579 1.42269 -10.7122 0.233567 1.41029
1767170679.896753732 -10.6914 0.225719 1.42187 -10.7004 0.230864 1.40979
1767170679.907638155 -10.6789 0.22269 1.421 -10.6886 0.228145 1.40928
1767170679.917130354 -10.6679 0.220026 1.42023 -10.6768 0.225399 1.40877
1767170679.926572119 -10.6572 0.217444 1.41948 -10.665 0.222619 1.40825
1767170679.936539789 -10.6455 0.214595 1.41866 -10.6533 0.2198 1.40772
1767170679.946817642 -10.6339 0.211784 1.41785 -10.6415 0.216938 1.40718
1767170679.957317027 -10.6214 0.208735 1.41697 -10.631 0.214323 1.40669
1767170679.966542535 -10.6105 0.206078 1.4162 -10.6192 0.211373 1.40614
1767170679.976418499 -10.599 0.203278 1.41539 -10.6075 0.208379 1.40558
1767170679.986947573 -10.587 0.200345 1.41454 -10.5958 0.205342 1.40501
1767170679.996440958 -10.5759 0.197618 1.41375 -10.584 0.202268 1.40444
1767170680.007156641 -10.5632 0.194511 1.41285 -10.5723 0.199161 1.40385
1767170680.016269028 -10.5526 0.191918 1.4121 -10.5605 0.196028 1.40326
1767170680.026668211 -10.5406 0.188948 1.41124 -10.5488 0.192876 1.40266
1767170680.036798798 -10.5288 0.186045 1.4104 -10.537 0.189712 1.40206
1767170680.046504044 -10.5176 0.183279 1.4096 -10.5252 0.186546 1.40144
1767170680.057974398 -10.5045 0.180032 1.40866 -10.5134 0.183382 1.40082
1767170680.067630339 -10.4935 0.177299 1.40786 -10.5028 0.180545 1.40026
1767170680.076824333 -10.497 0.0992471 1.49978 -10.491 0.177407 1.39963
1767170680.086796697 -10.4856 0.0964238 1.49896 -10.4791 0.174292 1.399
1767170680.096881178 -10.4739 0.0935146 1.49812 -10.4673 0.171203 1.3984
1767170680.106883827 -10.4623 0.0906605 1.49729 -10.4555 0.168142 1.39786
1767170680.117319656 -10.4505 0.0877246 1.49644 -10.4437 0.165109 1.39739
1767170680.126657342 -10.4396 0.0850086 1.49565 -10.4319 0.162095 1.39702
1767170680.137776398 -10.4267 0.0818172 1.49473 -10.4201 0.159088 1.39674
1767170680.147455579 -10.416 0.0791566 1.49395 -10.4083 0.156071 1.39656
1767170680.157391695 -10.4044 0.0762827 1.49312 -10.3966 0.153024 1.39648
1767170680.167032470 -10.3931 0.0734873 1.49231 -10.3849 0.149921 1.39649
1767170680.176804288 -10.3812 0.0705337 1.49145 -10.3732 0.146738 1.39659
1767170680.186290479 -10.3703 0.0678274 1.49067 -10.3627 0.143782 1.39675
1767170680.197409170 -10.3579 0.0647617 1.48978 -10.3499 0.140024 1.39703
1767170680.207364156 -10.3462 0.061874 1.48894 -10.3383 0.136445 1.39736
1767170680.218287052 -10.3341 0.0588814 1.48807 -10.3268 0.132693 1.39774
1767170680.226579454 -10.3234 0.0562188 1.4873 -10.3153 0.128753 1.39816
1767170680.237019574 -10.3116 0.0532988 1.48645 -10.3039 0.124618 1.39861
1767170680.246208613 -10.3006 0.0505785 1.48566 -10.2947 0.121169 1.399
1767170680.257235861 -10.288 0.0474596 1.48476 -10.2822 0.116228 1.39954
1767170680.266751052 -10.277 0.0447191 1.48396 -10.2709 0.111547 1.40005
1767170680.277707075 -10.2644 0.0416213 1.48306 -10.2596 0.106707 1.40056
1767170680.287944714 -10.2524 0.0386389 1.48219 -10.2483 0.101729 1.40108
1767170680.296806235 -10.2417 0.0360094 1.48143 -10.237 0.0966435 1.40161
1767170680.308130416 -10.2296 0.0329963 1.48056 -10.2257 0.0914819 1.40214
1767170680.316437073 -10.2188 0.030348 1.47979 -10.2145 0.0862787 1.40269
1767170680.326770751 -10.2067 0.0273436 1.47891 -10.2032 0.0810694 1.40324
1767170680.336984709 -10.1948 0.0243989 1.47806 -10.1919 0.0758889 1.40381
1767170680.346373912 -10.1838 0.0216961 1.47727 -10.1806 0.07077 1.40438
1767170680.357230992 -10.1711 0.0185504 1.47636 -10.1693 0.0657423 1.40496
1767170680.366510408 -10.1603 0.0158982 1.47559 -10.1579 0.0608309 1.40555
1767170680.376739032 -10.1482 0.012897 1.47471 -10.1465 0.056056 1.40613
1767170680.386668683 -10.1366 0.0100326 1.47388 -10.1351 0.0514318 1.4067
1767170680.396556454 -10.125 0.00717478 1.47305 -10.1236 0.0469664 1.40726
1767170680.407377358 -10.1126 0.00412016 1.47216 -10.1121 0.0426617 1.4078
1767170680.416638014 -10.1015 0.0013979 1.47137 -10.1006 0.0385137 1.40833
1767170680.426272518 -10.0901 -0.00142639 1.47055 -10.089 0.0345126 1.40883
1767170680.436869387 -10.0777 -0.00446505 1.46966 -10.0773 0.0306438 1.4093
1767170680.446689706 -10.0662 -0.00730424 1.46883 -10.0656 0.0268885 1.40975
1767170680.457011608 -10.0541 -0.0102811 1.46797 -10.0539 0.0232244 1.41019
1767170680.466295074 -10.0431 -0.0129947 1.46718 -10.0422 0.019627 1.4106
1767170680.476670637 -10.0309 -0.0159825 1.46631 -10.0304 0.0160707 1.411
1767170680.486889565 -10.0188 -0.0189639 1.46544 -10.0186 0.0125299 1.41138
1767170680.496776526 -10.0071 -0.0218407 1.4646 -10.0068 0.00898016 1.41174
1767170680.507292420 -9.99481 -0.0248471 1.46372 -9.99493 0.00539958 1.4121
1767170680.516841369 -9.98367 -0.0275808 1.46292 -9.98308 0.00176957 1.41244
1767170680.526314724 -9.97211 -0.030416 1.4621 -9.97122 -0.00192439 1.41276
1767170680.536853930 -9.95961 -0.0334799 1.4612 -9.95936 -0.00569226 1.41306
1767170680.546679730 -9.94794 -0.0363405 1.46037 -9.94749 -0.00953914 1.41335
1767170680.557071513 -9.93562 -0.0393566 1.45949 -9.93562 -0.0134653 1.41361
1767170680.566593625 -9.92425 -0.0421388 1.45868 -9.92376 -0.0174662 1.41386
1767170680.576602648 -9.91235 -0.0450501 1.45783 -9.9119 -0.021533 1.41408
1767170680.586647769 -9.90039 -0.0479763 1.45697 -9.90004 -0.0256533 1.41428
1767170680.596978585 -9.88808 -0.0509836 1.45609 -9.88818 -0.0298111 1.41446
1767170680.607106432 -9.8765 -0.0538129 1.45526 -9.87632 -0.0339883 1.41462
1767170680.616942431 -9.86436 -0.0567765 1.4544 -9.86447 -0.0381651 1.41476
1767170680.626319299 -9.85311 -0.0595202 1.4536 -9.85261 -0.0423211 1.41488
1767170680.637033819 -9.84044 -0.0626093 1.45269 -9.84074 -0.046436 1.41498
1767170680.646579662 -9.82878 -0.0654511 1.45186 -9.82887 -0.0504908 1.41507
1767170680.656478003 -9.81697 -0.0683291 1.45102 -9.81698 -0.0544681 1.41513
1767170680.666780584 -9.80456 -0.0713482 1.45013 -9.80508 -0.0583533 1.41518
1767170680.676608524 -9.79258 -0.0742631 1.44928 -9.79317 -0.0621347 1.41521
1767170680.686391661 -9.7808 -0.0771278 1.44844 -9.78243 -0.0654424 1.41521
1767170680.696811955 -9.76825 -0.080178 1.44755 -9.77047 -0.0690075 1.41519
1767170680.707086825 -9.7558 -0.0831991 1.44666 -9.75849 -0.0724559 1.41515
1767170680.716442572 -9.74451 -0.0859391 1.44586 -9.74649 -0.0757909 1.41508
1767170680.726268181 -9.73262 -0.0888238 1.44501 -9.73446 -0.0790194 1.41499
1767170680.736344916 -9.72051 -0.0917577 1.44415 -9.7224 -0.082152 1.41487
1767170680.746807801 -9.70778 -0.0948411 1.44324 -9.71031 -0.0852019 1.41473
1767170680.756858295 -9.69565 -0.0977769 1.44238 -9.69819 -0.0881853 1.41457
1767170680.766388288 -9.68391 -0.100618 1.44155 -9.68604 -0.0911197 1.41439
1767170680.776674909 -9.67143 -0.103636 1.44066 -9.67386 -0.0940239 1.41419
1767170680.786739785 -9.65917 -0.106597 1.43979 -9.66166 -0.0969167 1.41397
1767170680.797238771 -9.64671 -0.109605 1.4389 -9.64942 -0.0998165 1.41374
1767170680.807300627 -9.63402 -0.112665 1.438 -9.63716 -0.10274 1.41349
1767170680.816572852 -9.62254 -0.115434 1.43719 -9.62487 -0.105703 1.41323
1767170680.826491483 -9.61047 -0.118341 1.43633 -9.61256 -0.108717 1.41296
1767170680.836794314 -9.59766 -0.121424 1.43542 -9.60022 -0.111792 1.41267
1767170680.846358027 -9.5859 -0.124252 1.43459 -9.58786 -0.114934 1.41237
1767170680.856485024 -9.57344 -0.127247 1.43371 -9.57549 -0.118147 1.41205
1767170680.866435836 -9.56131 -0.130163 1.43285 -9.56309 -0.121429 1.41172
1767170680.876756278 -9.54836 -0.13327 1.43193 -9.55068 -0.124778 1.41137
1767170680.886409252 -9.53641 -0.136138 1.43108 -9.53825 -0.128187 1.41101
1767170680.896616021 -9.52377 -0.139167 1.43019 -9.5258 -0.131647 1.41063
1767170680.907227829 -9.51069 -0.142299 1.42926 -9.51335 -0.135147 1.41024
1767170680.917123150 -9.49827 -0.145271 1.42839 -9.50088 -0.138676 1.40984
1767170680.926499918 -9.48659 -0.148063 1.42756 -9.48839 -0.142218 1.40942
1767170680.936807390 -9.47388 -0.151101 1.42666 -9.47589 -0.145761 1.40899
1767170680.946392494 -9.46176 -0.153995 1.42581 -9.46338 -0.14929 1.40856
1767170680.957147866 -9.4484 -0.157182 1.42486 -9.45086 -0.152792 1.40811
1767170680.966599506 -9.43661 -0.159992 1.42403 -9.43832 -0.156256 1.40765
1767170680.976889866 -9.42366 -0.163079 1.42312 -9.42577 -0.159671 1.40719
1767170680.986428688 -9.41162 -0.165942 1.42227 -9.4132 -0.163028 1.40671
1767170680.996914624 -9.39839 -0.169091 1.42134 -9.40061 -0.166323 1.40622
1767170681.006409015 -9.38635 -0.171952 1.42049 -9.38801 -0.169552 1.40572
1767170681.016568535 -9.37346 -0.175011 1.41958 -9.37539 -0.172713 1.40521
1767170681.026439556 -9.36107 -0.177951 1.41871 -9.36275 -0.175808 1.40468
1767170681.036626137 -9.34804 -0.18104 1.41779 -9.35009 -0.178841 1.40415
1767170681.046269683 -9.33591 -0.183914 1.41694 -9.33867 -0.181523 1.40366
1767170681.056717459 -9.3225 -0.187088 1.41599 -9.3247 -0.184748 1.40304
1767170681.066537771 -9.30999 -0.190045 1.41511 -9.31197 -0.187638 1.40248
1767170681.076607338 -9.29726 -0.193054 1.41422 -9.29921 -0.1905 1.4019
1767170681.086466251 -9.28456 -0.196052 1.41333 -9.28771 -0.193061 1.40137
1767170681.096476806 -9.27167 -0.199093 1.41242 -9.27363 -0.196185 1.40072
1767170681.106813080 -9.25846 -0.202205 1.41149 -9.2608 -0.19903 1.40012
1767170681.116523868 -9.24597 -0.205148 1.41062 -9.24794 -0.201891 1.39951
1767170681.126702227 -9.23285 -0.208233 1.4097 -9.23506 -0.204777 1.39889
1767170681.136682041 -9.2201 -0.211232 1.4088 -9.22215 -0.207697 1.39826
1767170681.146973465 -9.20677 -0.214361 1.40787 -9.20921 -0.210658 1.39763
1767170681.156757915 -9.19398 -0.217363 1.40697 -9.19625 -0.213663 1.39699
1767170681.167226541 -9.18073 -0.22047 1.40604 -9.18456 -0.216408 1.3964
1767170681.176955621 -9.16778 -0.223503 1.40514 -9.17155 -0.219505 1.39575
1767170681.186043893 -9.15596 -0.22627 1.40431 -9.15982 -0.222333 1.39515
1767170681.196821028 -9.14191 -0.229557 1.40333 -9.14546 -0.22584 1.39441
1767170681.207261863 -9.12839 -0.232715 1.40238 -9.13238 -0.229071 1.39373
1767170681.217907664 -9.11448 -0.235962 1.40141 -9.11927 -0.232339 1.39304
1767170681.226960795 -9.10245 -0.238768 1.40057 -9.10614 -0.235635 1.39235
1767170681.236917840 -9.08935 -0.24182 1.39966 -9.09298 -0.238954 1.39164
1767170681.246815852 -9.07634 -0.244849 1.39875 -9.07981 -0.242287 1.39094
1767170681.257284389 -9.06273 -0.248013 1.3978 -9.0666 -0.245626 1.39022
1767170681.266776981 -9.05 -0.250971 1.39691 -9.05338 -0.248963 1.3895
1767170681.277084204 -9.03674 -0.254051 1.39599 -9.04012 -0.252291 1.38877
1767170681.286603257 -9.024 -0.257007 1.3951 -9.02684 -0.255603 1.38804
1767170681.297609547 -9.09616 -0.300891 1.29973 -9.01354 -0.258893 1.3873
1767170681.307396809 -9.08293 -0.303958 1.29881 -9.00021 -0.262157 1.38655
1767170681.317410744 -9.06972 -0.307024 1.29789 -8.98685 -0.265392 1.38576
1767170681.327289577 -9.05657 -0.310072 1.29697 -8.97347 -0.268598 1.38489
1767170681.337377025 -9.04398 -0.312991 1.2961 -8.96007 -0.271778 1.38393
1767170681.347025772 -9.03051 -0.316115 1.29516 -8.94667 -0.274935 1.38285
1767170681.356622412 -9.01759 -0.319113 1.29426 -8.93328 -0.278077 1.38167
1767170681.367433551 -9.00337 -0.322409 1.29327 -8.93328 -0.278077 1.38167
1767170681.376887843 -8.99063 -0.325362 1.29238 -8.91992 -0.281215 1.38037
1767170681.387131655 -8.97701 -0.328521 1.29143 -8.90663 -0.284362 1.37898
1767170681.397225926 -8.96386 -0.331568 1.29052 -8.89342 -0.287532 1.37748
1767170681.407131214 -8.95034 -0.334702 1.28957 -8.88034 -0.290741 1.37587
1767170681.416785971 -8.93745 -0.33769 1.28868 -8.86741 -0.294007 1.37417
1767170681.427093504 -8.92374 -0.340867 1.28772 -8.85465 -0.297344 1.37237
1767170681.437203642 -8.91061 -0.343909 1.28681 -8.84211 -0.300769 1.37046
1767170681.447205827 -8.89729 -0.346995 1.28588 -8.82979 -0.304294 1.36845
1767170681.456934836 -8.88431 -0.349999 1.28498 -8.81771 -0.307931 1.36634
1767170681.466293555 -8.87188 -0.35288 1.28411 -8.80587 -0.311687 1.3641
1767170681.477182338 -8.85758 -0.356189 1.28312 -8.79543 -0.315173 1.362
1767170681.486790903 -8.84433 -0.359256 1.2822 -8.78291 -0.319571 1.35931
1767170681.497117640 -8.83092 -0.362361 1.28126 -8.77175 -0.323697 1.35676
1767170681.506419958 -8.8184 -0.365258 1.28039 -8.76078 -0.327938 1.35412
1767170681.516590888 -8.80473 -0.36842 1.27944 -8.75102 -0.331847 1.35168
1767170681.526220904 -8.79187 -0.371396 1.27855 -8.7392 -0.336728 1.34864
1767170681.537254304 -8.77739 -0.374744 1.27754 -8.72959 -0.340792 1.34612
1767170681.546674635 -8.76464 -0.37769 1.27665 -8.71784 -0.345823 1.34301
1767170681.557282280 -8.75067 -0.380919 1.27568 -8.70712 -0.350435 1.34018
1767170681.566561903 -8.73815 -0.383813 1.27481 -8.69629 -0.355059 1.33735
1767170681.576908236 -8.72425 -0.387023 1.27385 -8.68532 -0.359672 1.33453
1767170681.587578529 -8.72425 -0.387023 1.27385 -8.66281 -0.368771 1.32893
1767170681.587959228 -8.71046 -0.390207 1.27289 -8.66281 -0.368771 1.32893
1767170681.597157074 -8.69727 -0.393253 1.27197 -8.6512 -0.373215 1.32615
1767170681.607706962 -8.6833 -0.396477 1.271 -8.63935 -0.377567 1.32337
1767170681.617189664 -8.67065 -0.399396 1.27012 -8.62724 -0.381814 1.32058
1767170681.626433866 -8.6579 -0.402335 1.26924 -8.61489 -0.385947 1.31778
1767170681.636740419 -8.64399 -0.405542 1.26827 -8.60232 -0.389962 1.31498
1767170681.646848172 -8.6307 -0.408606 1.26735 -8.58956 -0.393857 1.31217
1767170681.656958064 -8.61707 -0.411747 1.26641 -8.57663 -0.397633 1.30937
1767170681.666585460 -8.60393 -0.414774 1.2655 -8.56359 -0.401297 1.30659
1767170681.676659923 -8.59034 -0.417902 1.26455 -8.55048 -0.404857 1.30384
1767170681.686511474 -8.57777 -0.420795 1.26368 -8.53866 -0.407983 1.3014
1767170681.696430837 -8.56421 -0.423914 1.26274 -8.52555 -0.41138 1.29873
1767170681.706134624 -8.55084 -0.426991 1.26182 -8.51251 -0.414715 1.29611
1767170681.717592806 -8.53606 -0.430387 1.26079 -8.49829 -0.418331 1.2933
1767170681.726952606 -8.52276 -0.433444 1.25987 -8.48553 -0.421591 1.2908
1767170681.737158102 -8.50915 -0.43657 1.25893 -8.47294 -0.424842 1.28834
1767170681.747778718 -8.49497 -0.439825 1.25795 -8.46054 -0.428101 1.28593
1767170681.757530038 -8.48178 -0.442853 1.25704 -8.44832 -0.43138 1.28354
1767170681.767527082 -8.46838 -0.445926 1.25611 -8.43629 -0.434691 1.28119
1767170681.777290811 -8.45568 -0.448839 1.25523 -8.42443 -0.438043 1.27887
1767170681.786616271 -8.44229 -0.451907 1.25431 -8.41387 -0.441099 1.27681
1767170681.797237891 -8.42779 -0.455229 1.25331 -8.40108 -0.444888 1.27432
1767170681.807088192 -8.41442 -0.45829 1.25238 -8.38951 -0.448386 1.27211
1767170681.817127148 -8.40107 -0.461345 1.25146 -8.37797 -0.45193 1.26994
1767170681.827376046 -8.38685 -0.464599 1.25048 -8.36639 -0.455517 1.26782
1767170681.837634202 -8.37367 -0.467611 1.24957 -8.3559 -0.458776 1.26596
1767170681.846579948 -8.36054 -0.470613 1.24867 -8.34413 -0.462422 1.26393
1767170681.856549357 -8.34729 -0.473637 1.24775 -8.3346 -0.465352 1.26235
1767170681.866257826 -8.33362 -0.476759 1.24681 -8.32252 -0.469022 1.2604
1767170681.876876517 -8.31932 -0.480021 1.24583 -8.31022 -0.472688 1.2585
1767170681.888376259 -8.30391 -0.483535 1.24477 -8.29641 -0.476705 1.25643
1767170681.896967469 -8.29209 -0.48623 1.24395 -8.28489 -0.479969 1.25475
1767170681.906787421 -8.27843 -0.489342 1.24301 -8.27186 -0.483564 1.25289
1767170681.916233042 -8.26515 -0.492364 1.2421 -8.25859 -0.487117 1.25105
1767170681.927623121 -8.2495 -0.495927 1.24102 -8.24375 -0.49097 1.24903
1767170681.938167870 -8.2356 -0.499086 1.24007 -8.23006 -0.494418 1.2472
1767170681.946514164 -8.22389 -0.501749 1.23926 -8.21899 -0.497136 1.24575
1767170681.957454668 -8.20967 -0.504979 1.23829 -8.20364 -0.500816 1.24378
1767170681.966677414 -8.19586 -0.508112 1.23734 -8.1896 -0.504102 1.24202
1767170681.977018937 -8.18205 -0.511246 1.23639 -8.17553 -0.507337 1.2403
1767170681.986960131 -8.16797 -0.51444 1.23543 -8.16286 -0.510207 1.23879
1767170681.996729531 -8.15447 -0.517498 1.2345 -8.14881 -0.513356 1.23715
1767170682.008511210 -8.13876 -0.521057 1.23342 -8.13483 -0.51647 1.23555
1767170682.016734497 -8.1269 -0.523741 1.23261 -8.12095 -0.519558 1.23399
1767170682.027372140 -8.11227 -0.527049 1.23161 -8.10718 -0.522629 1.23246
1767170682.036316851 -8.09909 -0.53003 1.23071 -8.09354 -0.525691 1.23097
1767170682.046833581 -8.08457 -0.533309 1.22971 -8.08002 -0.528753 1.22951
1767170682.056429578 -8.0711 -0.536351 1.22879 -8.06663 -0.531825 1.22807
1767170682.066931456 -8.05676 -0.539586 1.22781 -8.05336 -0.534912 1.22666
1767170682.076451551 -8.04313 -0.542658 1.22688 -8.04018 -0.538022 1.22527
1767170682.087452213 -8.02763 -0.54615 1.22582 -8.02706 -0.541159 1.2239
1767170682.097078641 -8.01436 -0.549138 1.22492 -8.01399 -0.544329 1.22257
1767170682.106872053 -8.00081 -0.552189 1.22399 -8.00093 -0.547533 1.22125
1767170682.117144877 -7.98633 -0.555444 1.22301 -7.98784 -0.550772 1.21997
1767170682.126707244 -7.97268 -0.558511 1.22208 -7.97469 -0.554046 1.21871
1767170682.136904966 -7.95825 -0.561752 1.22109 -7.96146 -0.557354 1.21748
1767170682.146511998 -7.94471 -0.56479 1.22017 -7.94811 -0.560692 1.21627
1767170682.157165786 -7.92971 -0.568153 1.21915 -7.93462 -0.564057 1.21508
1767170682.167237985 -7.91586 -0.571256 1.21821 -7.92097 -0.567444 1.2139
1767170682.176952415 -7.90158 -0.574456 1.21724 -7.90715 -0.570847 1.21274
1767170682.186632624 -7.88791 -0.577514 1.21631 -7.89315 -0.57426 1.21158
1767170682.196306913 -7.87408 -0.580605 1.21537 -7.8804 -0.577336 1.21053
1767170682.206907516 -7.85899 -0.583979 1.21434 -7.86464 -0.581096 1.20926
1767170682.217212760 -7.84446 -0.587223 1.21336 -7.85014 -0.584506 1.2081
1767170682.226393516 -7.83131 -0.590156 1.21247 -7.83551 -0.587906 1.20695
1767170682.236882196 -7.81618 -0.59353 1.21144 -7.82076 -0.591289 1.20579
1767170682.246733619 -7.80226 -0.596632 1.2105 -7.80593 -0.594654 1.20465
1767170682.256538612 -7.78804 -0.599797 1.20954 -7.79103 -0.597996 1.20352
1767170682.266857256 -7.77361 -0.603007 1.20856 -7.77611 -0.601314 1.2024
1767170682.276965061 -7.75888 -0.606282 1.20756 -7.76118 -0.604607 1.20129
1767170682.287154258 -7.74448 -0.609481 1.20659 -7.74627 -0.607874 1.2002
1767170682.296892199 -7.73019 -0.612652 1.20562 -7.73141 -0.611118 1.19913
1767170682.306875103 -7.71593 -0.615815 1.20466 -7.71662 -0.61434 1.19807
1767170682.317396484 -7.70086 -0.619154 1.20364 -7.7019 -0.617541 1.19703
1767170682.326614572 -7.68754 -0.622103 1.20274 -7.68728 -0.620726 1.196
1767170682.336529516 -7.67327 -0.625262 1.20178 -7.67565 -0.623263 1.19518
1767170682.347457265 -7.65715 -0.628827 1.2007 -7.65975 -0.626743 1.19406
1767170682.356267273 -7.64428 -0.63167 1.19983 -7.64683 -0.629584 1.19316
1767170682.367267715 -7.62852 -0.635148 1.19877 -7.63112 -0.633054 1.19205
1767170682.377601700 -7.61312 -0.638546 1.19773 -7.6169 -0.63621 1.19106
1767170682.386823808 -7.59959 -0.641527 1.19682 -7.60273 -0.639373 1.19007
1767170682.397946393 -7.58379 -0.645007 1.19576 -7.58859 -0.642544 1.18908
1767170682.407366126 -7.56988 -0.648067 1.19483 -7.57445 -0.645727 1.18811
1767170682.417217469 -7.55585 -0.651153 1.19388 -7.56029 -0.648925 1.18714
1767170682.427749670 -7.49589 -0.700904 1.09972 -7.54609 -0.652139 1.18618
1767170682.437253144 -7.48165 -0.704033 1.09877 -7.53183 -0.655371 1.18522
1767170682.446911003 -7.46695 -0.707266 1.09778 -7.51749 -0.65862 1.18424
1767170682.457293039 -7.4517 -0.710618 1.09676 -7.50305 -0.661888 1.1832
1767170682.467400008 -7.43671 -0.713912 1.09575 -7.48851 -0.665177 1.18209
1767170682.477227831 -7.42252 -0.717031 1.0948 -7.47386 -0.668491 1.18089
1767170682.487062494 -7.40795 -0.720235 1.09382 -7.45908 -0.671838 1.17959
1767170682.496389905 -7.39414 -0.723268 1.09289 -7.44567 -0.674883 1.17834
1767170682.506389072 -7.37971 -0.726439 1.09193 -7.43064 -0.678315 1.17685
1767170682.517497496 -7.36341 -0.730021 1.09083 -7.41395 -0.68216 1.1751
1767170682.526349385 -7.35037 -0.732886 1.08996 -7.40016 -0.685372 1.17358
1767170682.537146501 -7.33461 -0.73635 1.0889 -7.38316 -0.689391 1.17162
1767170682.546996895 -7.32001 -0.739557 1.08792 -7.36757 -0.693146 1.16974
1767170682.558075079 -7.30465 -0.74293 1.08689 -7.35186 -0.697006 1.16778
1767170682.567086742 -7.29065 -0.746004 1.08595 -7.33604 -0.70098 1.16573
1767170682.577553860 -7.27526 -0.749385 1.08492 -7.32012 -0.705071 1.16361
1767170682.586971632 -7.26219 -0.752253 1.08404 -7.30573 -0.708855 1.16164
1767170682.597253216 -7.24634 -0.755732 1.08298 -7.28808 -0.713607 1.15917
1767170682.607513680 -7.23113 -0.75907 1.08196 -7.27199 -0.718043 1.15686
1767170682.616927843 -7.21727 -0.762111 1.08103 -7.25587 -0.722578 1.15451
1767170682.627078874 -7.20202 -0.765457 1.08001 -7.23976 -0.7272 1.15212
1767170682.636778063 -7.18779 -0.768578 1.07906 -7.22366 -0.731892 1.14969
1767170682.646871902 -7.17294 -0.771835 1.07806 -7.20759 -0.736633 1.14724
1767170682.657051464 -7.15828 -0.775049 1.07708 -7.19156 -0.741405 1.14478
1767170682.667514083 -7.14255 -0.778496 1.07603 -7.1756 -0.746184 1.1423
1767170682.676862283 -7.12886 -0.781496 1.07511 -7.1597 -0.750948 1.13981
1767170682.687079825 -7.11381 -0.784795 1.0741 -7.14387 -0.755676 1.13733
1767170682.696939739 -7.09918 -0.787999 1.07313 -7.12812 -0.760349 1.13484
1767170682.707406788 -7.08377 -0.791373 1.0721 -7.11244 -0.764949 1.13236
1767170682.716946192 -7.06987 -0.794416 1.07117 -7.09684 -0.76946 1.12988
1767170682.727584354 -7.05418 -0.797849 1.07012 -7.0813 -0.773872 1.12741
1767170682.736938916 -7.04012 -0.800924 1.06918 -7.06582 -0.778177 1.12495
1767170682.747321833 -7.02469 -0.8043 1.06815 -7.05039 -0.78237 1.1225
1767170682.757329270 -7.01002 -0.807508 1.06717 -7.03501 -0.786451 1.12007
1767170682.767287896 -6.99529 -0.810727 1.06618 -7.01965 -0.790424 1.11765
1767170682.777075508 -6.98076 -0.8139 1.06521 -7.00431 -0.794295 1.11524
1767170682.787430144 -6.96548 -0.817239 1.06419 -6.98898 -0.798075 1.11286
1767170682.796215801 -6.95225 -0.820128 1.06331 -6.97517 -0.801409 1.11073
1767170682.807397237 -6.93599 -0.823677 1.06223 -6.95829 -0.805414 1.10816
1767170682.816965113 -6.92165 -0.826805 1.06127 -6.94291 -0.809003 1.10585
1767170682.827381731 -6.90623 -0.830169 1.06024 -6.92751 -0.81256 1.10356
1767170682.836887436 -6.89192 -0.833288 1.05929 -6.91208 -0.816101 1.10131
1767170682.847509738 -6.87638 -0.836674 1.05826 -6.89662 -0.819642 1.09908
1767170682.857361391 -6.86179 -0.839854 1.05728 -6.88112 -0.823196 1.09688
1767170682.867303487 -6.84667 -0.843146 1.05628 -6.86558 -0.826776 1.09471
1767170682.876987236 -6.8319 -0.846361 1.0553 -6.85002 -0.83039 1.09258
1767170682.886160342 -6.81825 -0.849331 1.05439 -6.83599 -0.833679 1.09068
1767170682.897106763 -6.80192 -0.852881 1.0533 -6.81882 -0.837747 1.08839
1767170682.907571872 -6.78706 -0.856113 1.05232 -6.80319 -0.841495 1.08633
1767170682.916843990 -6.77245 -0.859288 1.05135 -6.78756 -0.845289 1.08431
1767170682.926180740 -6.75836 -0.862348 1.05041 -6.77349 -0.848739 1.08251
1767170682.936937976 -6.74234 -0.865825 1.04935 -6.75631 -0.852995 1.08034
1767170682.947040925 -6.72729 -0.869091 1.04835 -6.74069 -0.856893 1.0784
1767170682.957420021 -6.71207 -0.872393 1.04734 -6.7251 -0.86081 1.07648
1767170682.966971326 -6.69739 -0.875573 1.04637 -6.70954 -0.864735 1.0746
1767170682.977522377 -6.68343 -0.878599 1.04544 -6.69555 -0.868266 1.07292
1767170682.987843792 -6.66725 -0.882102 1.04437 -6.6785 -0.872567 1.07089
1767170682.998520796 -6.65179 -0.88545 1.04335 -6.66303 -0.876452 1.06908
1767170683.007441997 -6.63702 -0.888645 1.04237 -6.6476 -0.880303 1.06729
1767170683.018502452 -6.62185 -0.891926 1.04137 -6.6322 -0.884112 1.06553
1767170683.027767157 -6.60709 -0.895114 1.0404 -6.61683 -0.887871 1.06378
1767170683.037642453 -6.59188 -0.8984 1.03939 -6.6015 -0.891576 1.06206
1767170683.046748135 -6.57775 -0.901451 1.03846 -6.58925 -0.894498 1.0607
1767170683.058404641 -6.56089 -0.905088 1.03735 -6.57242 -0.898453 1.05885
1767170683.067180169 -6.54656 -0.908179 1.0364 -6.55714 -0.901986 1.05718
1767170683.076862880 -6.53226 -0.911261 1.03546 -6.54492 -0.904771 1.05587
1767170683.087564171 -6.51627 -0.914705 1.03441 -6.52965 -0.908202 1.05423
1767170683.097621866 -6.50193 -0.917793 1.03346 -6.51438 -0.911584 1.05262
1767170683.109878507 -6.48472 -0.921496 1.03233 -6.4991 -0.914922 1.05103
1767170683.117456015 -6.47066 -0.92452 1.0314 -6.48533 -0.917896 1.04961
1767170683.128247593 -6.45562 -0.927751 1.03042 -6.47001 -0.921174 1.04804
1767170683.137474483 -6.44034 -0.931034 1.02941 -6.45466 -0.924433 1.0465
1767170683.147215944 -6.42511 -0.934302 1.02841 -6.43929 -0.927681 1.04497
1767170683.158199337 -6.40827 -0.937915 1.02731 -6.42233 -0.931253 1.0433
1767170683.167130880 -6.39518 -0.940721 1.02645 -6.40842 -0.934182 1.04195
1767170683.177156938 -6.3794 -0.944102 1.02541 -6.39292 -0.937451 1.04047
1767170683.187616828 -6.36358 -0.94749 1.02438 -6.37738 -0.940741 1.039
1767170683.197536680 -6.34881 -0.950652 1.02341 -6.3618 -0.944058 1.03755
1767170683.206951499 -6.33342 -0.953942 1.0224 -6.34617 -0.947406 1.03611
1767170683.216800444 -6.31839 -0.957154 1.02142 -6.33049 -0.950787 1.03468
1767170683.227103360 -6.30185 -0.960688 1.02034 -6.31635 -0.95386 1.0334
1767170683.237281022 -6.28659 -0.963944 1.01934 -6.30061 -0.957308 1.03199
1767170683.247240624 -6.27094 -0.967282 1.01832 -6.28482 -0.960789 1.0306
1767170683.257524495 -6.25531 -0.970613 1.0173 -6.269 -0.964301 1.02921
1767170683.266766525 -6.2403 -0.973811 1.01632 -6.25316 -0.96784 1.02784
1767170683.277480211 -6.22435 -0.977205 1.01529 -6.23729 -0.971401 1.02647
1767170683.286912626 -6.20971 -0.980319 1.01433 -6.223 -0.974622 1.02526
1767170683.297120829 -6.19367 -0.983731 1.01329 -6.2055 -0.978571 1.02378
1767170683.307692933 -6.17783 -0.987094 1.01226 -6.18959 -0.982168 1.02244
1767170683.317250501 -6.16226 -0.9904 1.01125 -6.17367 -0.985765 1.02112
1767170683.327307050 -6.14761 -0.993507 1.0103 -6.15934 -0.988997 1.01994
1767170683.337395661 -6.13234 -0.996746 1.0093 -6.14341 -0.992578 1.01863
1767170683.348206540 -6.11632 -1.00014 1.00827 -6.12748 -0.996144 1.01734
1767170683.357613198 -6.10025 -1.00354 1.00722 -6.10995 -1.00004 1.01592
1767170683.366954366 -6.08425 -1.00693 1.00619 -6.09402 -1.00357 1.01464
1767170683.376665842 -6.06892 -1.01016 1.0052 -6.07809 -1.00706 1.01338
1767170683.386568153 -6.05336 -1.01345 1.00419 -6.06376 -1.01019 1.01224
1767170683.396982907 -6.03708 -1.01689 1.00314 -6.04623 -1.01398 1.01086
1767170683.406123344 -6.02258 -1.01995 1.0022 -6.03189 -1.01706 1.00974
1767170683.417112977 -6.00533 -1.02358 1.00109 -6.01436 -1.02079 1.00837
1767170683.427116186 -5.98967 -1.02688 1.00008 -5.99841 -1.02416 1.00714
1767170683.436842468 -5.97411 -1.03015 0.999075 -5.98245 -1.02751 1.00591
1767170683.446859617 -5.89526 -1.101 0.899694 -5.96648 -1.03084 1.00469
1767170683.457863195 -5.87796 -1.10464 0.898579 -5.9505 -1.03417 1.00346
1767170683.467177186 -5.86335 -1.10771 0.897638 -5.9345 -1.03748 1.00221
1767170683.477040467 -5.84768 -1.11101 0.896629 -5.91848 -1.04079 1.00088
1767170683.486817340 -5.83215 -1.11428 0.895628 -5.90244 -1.04411 0.999475
1767170683.497288040 -5.81581 -1.11771 0.894575 -5.88637 -1.04745 0.997971
1767170683.507343164 -5.8001 -1.12102 0.893563 -5.87025 -1.05082 0.996368
1767170683.516871341 -5.78449 -1.1243 0.892557 -5.85409 -1.05424 0.994666
1767170683.526564168 -5.76988 -1.12737 0.891616 -5.83948 -1.05738 0.993049
1767170683.537049393 -5.75276 -1.13098 0.890513 -5.82154 -1.06133 0.990966
1767170683.548093947 -5.73668 -1.13436 0.889477 -5.80842 -1.06428 0.989379
1767170683.557564398 -5.72151 -1.13755 0.888501 -5.79192 -1.0681 0.987309
1767170683.567408507 -5.70498 -1.14102 0.887437 -5.77362 -1.07247 0.984921
1767170683.576527284 -5.69039 -1.14409 0.886497 -5.75853 -1.0762 0.982881
1767170683.586911877 -5.67477 -1.14737 0.885492 -5.74162 -1.08052 0.980522
1767170683.597897375 -5.65701 -1.1511 0.884349 -5.72286 -1.08549 0.977815
1767170683.606623863 -5.64326 -1.15399 0.883465 -5.70737 -1.08972 0.975515
1767170683.616860123 -5.62738 -1.15733 0.882443 -5.69003 -1.0946 0.972872
1767170683.626759119 -5.61098 -1.16077 0.881388 -5.67255 -1.09966 0.970145
1767170683.636855335 -5.59486 -1.16416 0.880352 -5.65496 -1.10486 0.967343
1767170683.646592326 -5.57957 -1.16737 0.879369 -5.63725 -1.1102 0.964478
1767170683.656441042 -5.56375 -1.17069 0.878352 -5.61947 -1.11564 0.961563
1767170683.666426630 -5.5479 -1.17402 0.877334 -5.60163 -1.12115 0.958613
1767170683.677723541 -5.53013 -1.17774 0.876193 -5.58196 -1.12725 0.955342
1767170683.686964741 -5.5153 -1.18086 0.87524 -5.56586 -1.13224 0.952657
1767170683.696448387 -5.5002 -1.18402 0.874272 -5.54799 -1.13776 0.949674
1767170683.706182419 -5.48449 -1.18731 0.873263 -5.53194 -1.14266 0.946995
1767170683.716490865 -5.46824 -1.19072 0.872221 -5.51417 -1.14801 0.944029
1767170683.726223308 -5.45276 -1.19396 0.871229 -5.49649 -1.15324 0.941077
1767170683.736613406 -5.43619 -1.19743 0.870167 -5.47891 -1.15833 0.938139
1767170683.746526193 -5.42064 -1.20069 0.86917 -5.46144 -1.16326 0.935215
1767170683.756437189 -5.40494 -1.20398 0.868164 -5.44409 -1.16802 0.932303
1767170683.767153855 -5.38781 -1.20756 0.867068 -5.42687 -1.17262 0.929402
1767170683.776544468 -5.37265 -1.21073 0.866097 -5.40977 -1.17705 0.926512
1767170683.786369032 -5.35701 -1.214 0.865096 -5.39279 -1.18134 0.923636
1767170683.796279999 -5.34125 -1.2173 0.864089 -5.37592 -1.18549 0.920777
1767170683.807420526 -5.32364 -1.22098 0.862963 -5.35914 -1.18953 0.91794
1767170683.817080238 -5.30795 -1.22426 0.861961 -5.34243 -1.19348 0.915131
1767170683.826514692 -5.29289 -1.2274 0.860999 -5.32578 -1.19738 0.912357
1767170683.836755756 -5.27652 -1.23082 0.859954 -5.30916 -1.20124 0.909623
1767170683.846473858 -5.26094 -1.23407 0.85896 -5.29256 -1.2051 0.906933
1767170683.856122783 -5.24541 -1.23731 0.85797 -5.27596 -1.20898 0.90429
1767170683.866426084 -5.22902 -1.24072 0.856925 -5.25933 -1.21291 0.901695
1767170683.876311915 -5.21328 -1.24401 0.855922 -5.24266 -1.2169 0.899145
1767170683.886226967 -5.19726 -1.24734 0.854902 -5.22594 -1.22097 0.896639
1767170683.896333099 -5.18106 -1.25071 0.853871 -5.20916 -1.22512 0.894176
1767170683.906526754 -5.16473 -1.25411 0.852832 -5.19231 -1.22937 0.891751
1767170683.916344557 -5.14886 -1.25741 0.851823 -5.17539 -1.23371 0.889364
1767170683.926203702 -5.13303 -1.26071 0.850817 -5.1584 -1.23813 0.887012
1767170683.936179339 -5.11703 -1.26403 0.849801 -5.14134 -1.24262 0.884695
1767170683.946571937 -5.10026 -1.26751 0.848737 -5.12424 -1.24716 0.882414
1767170683.956582065 -5.0842 -1.27085 0.847718 -5.10708 -1.25175 0.88017
1767170683.966633975 -5.06793 -1.27423 0.846687 -5.0899 -1.25635 0.877963
1767170683.976381287 -5.05225 -1.27748 0.845693 -5.0727 -1.26094 0.875795
1767170683.986225942 -5.03629 -1.28079 0.844683 -5.05721 -1.26506 0.873877
1767170683.996257801 -5.02009 -1.28414 0.843658 -5.0383 -1.27003 0.871577
1767170684.006573108 -5.00351 -1.28758 0.842609 -5.02114 -1.27448 0.869526
1767170684.016854245 -4.98672 -1.29105 0.841548 -5.00401 -1.27883 0.867512
1767170684.027564563 -4.96935 -1.29465 0.840451 -4.98524 -1.28351 0.865336
1767170684.036396326 -4.95504 -1.2976 0.839548 -4.96994 -1.28723 0.863583
1767170684.046324774 -4.93892 -1.30093 0.838532 -4.953 -1.29125 0.861662
1767170684.056582382 -4.92222 -1.30438 0.837479 -4.93614 -1.29514 0.859765
1767170684.067065601 -4.90536 -1.30786 0.836417 -4.91936 -1.29891 0.857891
1767170684.076160142 -4.89037 -1.31096 0.835474 -4.90266 -1.30256 0.856038
1767170684.086098991 -4.87431 -1.31427 0.834463 -4.88602 -1.30611 0.854204
1767170684.096500741 -4.85741 -1.31775 0.833401 -4.86945 -1.30956 0.85239
1767170684.106272786 -4.84145 -1.32103 0.832399 -4.85294 -1.31293 0.850597
1767170684.116956844 -4.82397 -1.32463 0.831302 -4.83648 -1.31623 0.848826
1767170684.126176365 -4.80893 -1.32773 0.830359 -4.82005 -1.3195 0.84708
1767170684.136806882 -4.79153 -1.3313 0.829268 -4.80364 -1.32275 0.84536
1767170684.146092566 -4.77633 -1.33443 0.828316 -4.78724 -1.326 0.843665
1767170684.156678811 -4.75901 -1.33798 0.827232 -4.77084 -1.32926 0.841998
1767170684.166625769 -4.74272 -1.34132 0.826214 -4.75441 -1.33257 0.840358
1767170684.176697882 -4.72616 -1.34472 0.825179 -4.73796 -1.33592 0.838743
1767170684.186387645 -4.7102 -1.34799 0.824183 -4.72146 -1.33933 0.837152
1767170684.197000700 -4.69363 -1.35138 0.823149 -4.70492 -1.34281 0.835583
1767170684.208413991 -4.67677 -1.35483 0.822098 -4.68832 -1.34637 0.834035
1767170684.216564889 -4.66062 -1.35813 0.821092 -4.67166 -1.35 0.832505
1767170684.226651158 -4.64464 -1.3614 0.820098 -4.65661 -1.35333 0.831143
1767170684.236896799 -4.62824 -1.36475 0.819078 -4.63816 -1.35747 0.829496
1767170684.246910076 -4.61121 -1.36822 0.81802 -4.62132 -1.3613 0.828016
1767170684.258785807 -4.59417 -1.37169 0.816962 -4.60442 -1.36517 0.826551
1767170684.266265340 -4.57864 -1.37486 0.815999 -4.58748 -1.36908 0.825102
1767170684.277786403 -4.56081 -1.37849 0.814894 -4.5705 -1.37301 0.82367
1767170684.287080095 -4.54506 -1.3817 0.813919 -4.55348 -1.37694 0.822254
1767170684.296569863 -4.5288 -1.385 0.812913 -4.53644 -1.38087 0.820854
1767170684.306463851 -4.51229 -1.38836 0.811892 -4.52109 -1.38438 0.819609
1767170684.318075386 -4.49332 -1.39221 0.810721 -4.50233 -1.38863 0.818105
1767170684.326319926 -4.47869 -1.39518 0.809818 -4.48526 -1.39245 0.816754
1767170684.336825230 -4.46155 -1.39865 0.808761 -4.46821 -1.39621 0.815419
1767170684.346184945 -4.44556 -1.40189 0.807776 -4.45118 -1.3999 0.814097
1767170684.356669207 -4.42814 -1.40542 0.806704 -4.43416 -1.40353 0.812788
1767170684.366694359 -4.41116 -1.40885 0.80566 -4.41717 -1.40708 0.81149
1767170684.376610056 -4.39487 -1.41215 0.804659 -4.4019 -1.41022 0.810331
1767170684.386552065 -4.3786 -1.41543 0.803661 -4.38665 -1.4133 0.80918
1767170684.397193162 -4.36026 -1.41913 0.802536 -4.36805 -1.417 0.807783
1767170684.407303556 -4.34353 -1.42251 0.801511 -4.35116 -1.4203 0.806522
1767170684.417015389 -4.32686 -1.42587 0.800491 -4.33429 -1.42356 0.80527
1767170684.427064771 -4.3101 -1.42924 0.799466 -4.31744 -1.42679 0.804026
1767170684.437103184 -4.29339 -1.4326 0.798446 -4.30061 -1.42999 0.802791
1767170684.446548970 -4.27716 -1.43587 0.797455 -4.28377 -1.43317 0.801565
1767170684.457391561 -4.2591 -1.4395 0.796354 -4.26693 -1.43636 0.800348
1767170684.466780946 -4.29929 -1.50014 0.699956 -4.25177 -1.43924 0.79926
1767170684.477492935 -4.28123 -1.50377 0.698856 -4.23321 -1.44278 0.797934
1767170684.486399858 -4.26532 -1.50697 0.697886 -4.23321 -1.44278 0.797934
1767170684.496970113 -4.24805 -1.51043 0.696833 -4.21801 -1.4457 0.796825
1767170684.507451305 -4.22958 -1.51414 0.695708 -4.1994 -1.44931 0.795402
1767170684.516487241 -4.21426 -1.51722 0.694774 -4.18245 -1.45264 0.79402
1767170684.526582724 -4.19739 -1.52061 0.693746 -4.16547 -1.45603 0.792541
1767170684.536695257 -4.18021 -1.52406 0.692699 -4.14848 -1.45949 0.790957
1767170684.546460282 -4.16364 -1.52738 0.691689 -4.13148 -1.46302 0.789268
1767170684.557252682 -4.14549 -1.53103 0.690584 -4.11448 -1.46665 0.787474
1767170684.566783091 -4.12949 -1.53424 0.689609 -4.0975 -1.4704 0.785579
1767170684.576821543 -4.11235 -1.53768 0.688565 -4.08056 -1.47426 0.783586
1767170684.587072280 -4.09528 -1.5411 0.687526 -4.06366 -1.47827 0.7815
1767170684.597170652 -4.07874 -1.54442 0.686519 -4.04684 -1.48244 0.779323
1767170684.606950167 -4.07874 -1.54442 0.686519 -4.01347 -1.49125 0.774704
1767170684.607029399 -4.06207 -1.54777 0.685505 -4.01347 -1.49125 0.774704
1767170684.617622710 -4.04362 -1.55147 0.684382 -3.99694 -1.49591 0.772268
1767170684.627616724 -4.02674 -1.55486 0.683355 -3.98217 -1.50025 0.770007
1767170684.637669605 -4.0098 -1.55825 0.682325 -3.96588 -1.50521 0.767425
1767170684.648001970 -3.99232 -1.56176 0.681263 -3.94972 -1.51032 0.764775
1767170684.657666462 -3.97553 -1.56512 0.680243 -3.93368 -1.51555 0.762066
1767170684.667069923 -3.95932 -1.56837 0.679258 -3.91776 -1.52089 0.759308
1767170684.676415951 -3.9437 -1.5715 0.678309 -3.90353 -1.52576 0.75679
1767170684.687618646 -3.92477 -1.57529 0.67716 -3.88624 -1.53176 0.753681
1767170684.696595511 -3.90992 -1.57826 0.676259 -3.87217 -1.53668 0.751119
1767170684.706936102 -3.89261 -1.58173 0.675209 -3.8566 -1.54213 0.748264
1767170684.717649789 -3.87431 -1.58539 0.674099 -3.83952 -1.54807 0.745121
1767170684.726394868 -3.8587 -1.58851 0.673153 -3.82556 -1.55286 0.742555
1767170684.737054145 -3.84061 -1.59213 0.672057 -3.8085 -1.55858 0.739429
1767170684.747499897 -3.82291 -1.59567 0.670986 -3.79296 -1.56365 0.736601
1767170684.756206535 -3.80804 -1.59864 0.670086 -3.77894 -1.56809 0.734068
1767170684.767571691 -3.78895 -1.60246 0.668931 -3.76174 -1.57333 0.730988
1767170684.777253033 -3.77237 -1.60577 0.667928 -3.74601 -1.57792 0.728202
1767170684.787445388 -3.75481 -1.60927 0.666868 -3.73019 -1.58234 0.72543
1767170684.797370313 -3.73793 -1.61264 0.665848 -3.71428 -1.5866 0.72267
1767170684.806335997 -3.72274 -1.61567 0.664931 -3.69986 -1.5903 0.720199
1767170684.816361098 -3.70557 -1.6191 0.663896 -3.68374 -1.5943 0.717469
1767170684.826359128 -3.68865 -1.62247 0.662875 -3.66752 -1.59819 0.71476
1767170684.836767538 -3.6714 -1.62591 0.661836 -3.65119 -1.60199 0.712074
1767170684.847731923 -3.65231 -1.62971 0.660686 -3.63313 -1.6061 0.709155
1767170684.856533643 -3.63749 -1.63266 0.659795 -3.61827 -1.60944 0.706796
1767170684.866810745 -3.61995 -1.63615 0.658739 -3.6017 -1.61315 0.704212
1767170684.876605966 -3.60291 -1.63954 0.657715 -3.58506 -1.61688 0.701667
1767170684.886456618 -3.58612 -1.64288 0.656707 -3.56838 -1.62066 0.699165
1767170684.897669372 -3.56682 -1.64671 0.655549 -3.55 -1.6249 0.69646
1767170684.906195806 -3.55194 -1.64967 0.654656 -3.53495 -1.62843 0.694285
1767170684.917461499 -3.53301 -1.65343 0.653522 -3.51655 -1.63285 0.691671
1767170684.927168341 -3.51603 -1.6568 0.652505 -3.49983 -1.63697 0.689335
1767170684.938089265 -3.49742 -1.66049 0.651391 -3.48313 -1.64118 0.687036
1767170684.947764226 -3.48179 -1.66359 0.650457 -3.46645 -1.64548 0.684773
1767170684.956284171 -3.46607 -1.6667 0.649517 -3.45146 -1.64941 0.682767
1767170684.966571742 -3.44871 -1.67014 0.648481 -3.43484 -1.65384 0.680571
1767170684.977922127 -3.42992 -1.67386 0.64736 -3.41659 -1.65876 0.678197
1767170684.987365065 -3.41256 -1.6773 0.646325 -3.40003 -1.66325 0.676077
1767170684.997562500 -3.39571 -1.68063 0.645321 -3.38348 -1.66775 0.673993
1767170685.007334194 -3.37867 -1.68399 0.644308 -3.36695 -1.67222 0.671946
1767170685.017440868 -3.36122 -1.68744 0.64327 -3.35043 -1.67665 0.669936
1767170685.027745648 -3.34366 -1.69091 0.642227 -3.3339 -1.68102 0.66796
1767170685.036788642 -3.32789 -1.69402 0.641291 -3.31901 -1.68488 0.666211
1767170685.046418019 -3.31076 -1.69739 0.640275 -3.30244 -1.68907 0.664298
1767170685.057308244 -3.29164 -1.70116 0.639142 -3.28418 -1.69357 0.662229
1767170685.067322846 -3.27461 -1.70451 0.638134 -3.26753 -1.69753 0.660375
1767170685.077578165 -3.25676 -1.70803 0.637079 -3.25082 -1.70138 0.658546
1767170685.088100030 -3.23873 -1.71157 0.636013 -3.23406 -1.70512 0.65674
1767170685.097277692 -3.22272 -1.71472 0.635069 -3.21723 -1.70874 0.654954
1767170685.106353979 -3.20692 -1.71782 0.634137 -3.20202 -1.71192 0.653364
1767170685.116334216 -3.18934 -1.72127 0.633101 -3.18505 -1.71536 0.651616
1767170685.126859636 -3.17173 -1.72473 0.632064 -3.16801 -1.71873 0.649888
1767170685.136379326 -3.15437 -1.72813 0.631044 -3.1509 -1.72204 0.64818
1767170685.146407179 -3.13717 -1.7315 0.630033 -3.13371 -1.72531 0.646494
1767170685.157590301 -3.11765 -1.73532 0.628888 -3.11473 -1.72888 0.644664
1767170685.166416614 -3.10224 -1.73833 0.627984 -3.09915 -1.7318 0.643188
1767170685.176233461 -3.0849 -1.74172 0.626969 -3.08178 -1.73506 0.641569
1767170685.186391778 -3.06716 -1.74519 0.625931 -3.06437 -1.73835 0.639972
1767170685.196187425 -3.04997 -1.74855 0.624927 -3.04692 -1.74169 0.638398
1767170685.206612843 -3.03209 -1.75203 0.623883 -3.02944 -1.74508 0.636845
1767170685.217645575 -3.01282 -1.75579 0.622759 -3.01018 -1.74888 0.635162
1767170685.226336484 -2.99713 -1.75884 0.621846 -2.99441 -1.75205 0.633802
1767170685.237170847 -2.9781 -1.76255 0.620738 -2.97513 -1.75601 0.63216
1767170685.246427001 -2.96184 -1.76571 0.619793 -2.95936 -1.7593 0.630833
1767170685.257111700 -2.94303 -1.76937 0.618702 -2.94008 -1.76339 0.62923
1767170685.267477862 -2.92482 -1.7729 0.617646 -2.92256 -1.76717 0.62779
1767170685.276356185 -2.90935 -1.7759 0.61675 -2.9068 -1.77061 0.626508
1767170685.287221449 -2.89005 -1.77965 0.615633 -2.88755 -1.77486 0.624959
1767170685.296290248 -2.87412 -1.78273 0.614713 -2.87181 -1.77835 0.623706
1767170685.307758987 -2.85376 -1.78667 0.613538 -2.85433 -1.78223 0.622329
1767170685.317043651 -2.83775 -1.78977 0.612615 -2.83861 -1.78573 0.621103
1767170685.326706075 -2.82045 -1.79312 0.611619 -2.82114 -1.7896 0.619756
1767170685.336579874 -2.80298 -1.79649 0.610614 -2.80367 -1.79344 0.618424
1767170685.346877594 -2.78467 -1.80002 0.609562 -2.7862 -1.79724 0.617106
1767170685.357260091 -2.76648 -1.80353 0.608519 -2.76872 -1.801 0.615801
1767170685.366610082 -2.74954 -1.80679 0.607548 -2.75122 -1.8047 0.614509
1767170685.376933186 -2.73143 -1.81028 0.606512 -2.7337 -1.80834 0.613228
1767170685.387116033 -2.7133 -1.81377 0.605475 -2.71791 -1.81157 0.612085
1767170685.397021332 -2.6955 -1.81719 0.60446 -2.70034 -1.8151 0.610824
1767170685.407016545 -2.67785 -1.82058 0.603453 -2.68273 -1.81856 0.609571
1767170685.417658083 -2.65888 -1.82422 0.602373 -2.66507 -1.82197 0.608327
1767170685.426555447 -2.64277 -1.82731 0.601457 -2.64738 -1.82533 0.607091
1767170685.437060621 -2.6238 -1.83094 0.60038 -2.62963 -1.82865 0.605863
1767170685.446514290 -2.607 -1.83415 0.599427 -2.61183 -1.83194 0.604642
1767170685.457107667 -2.58807 -1.83777 0.598355 -2.59398 -1.8352 0.603429
1767170685.466810882 -2.57083 -1.84107 0.597379 -2.57608 -1.83844 0.602223
1767170685.477031530 -2.55219 -1.84462 0.596327 -2.55813 -1.84169 0.601023
1767170685.486661442 -2.4982 -1.90034 0.499898 -2.54012 -1.84494 0.599831
1767170685.497267519 -2.47936 -1.90394 0.498835 -2.52206 -1.8482 0.598639
1767170685.507859011 -2.46163 -1.90732 0.497833 -2.50397 -1.85149 0.597413
1767170685.517060048 -2.44457 -1.91058 0.49687 -2.48583 -1.85481 0.596125
1767170685.526756493 -2.42616 -1.91409 0.495831 -2.46765 -1.85817 0.594758
1767170685.536839846 -2.4084 -1.91748 0.494829 -2.44944 -1.86158 0.593301
1767170685.546746565 -2.39091 -1.92081 0.493841 -2.43301 -1.8647 0.591908
1767170685.556891766 -2.3726 -1.9243 0.492808 -2.4129 -1.86859 0.590098
1767170685.566972601 -2.35451 -1.92775 0.491788 -2.39457 -1.87222 0.588351
1767170685.576789673 -2.33642 -1.9312 0.490767 -2.37619 -1.87595 0.586509
1767170685.587345459 -2.31815 -1.93469 0.489737 -2.35776 -1.87979 0.584575
1767170685.597469665 -2.29972 -1.9382 0.488697 -2.33927 -1.88376 0.582551
1767170685.606568229 -2.28305 -1.94138 0.487758 -2.32258 -1.88745 0.580656
1767170685.617173002 -2.26462 -1.94489 0.486719 -2.30211 -1.89211 0.578246
1767170685.627238780 -2.24656 -1.94833 0.485702 -2.28343 -1.8965 0.575972
1767170685.637524195 -2.22785 -1.9519 0.484648 -2.26468 -1.90104 0.573622
1767170685.647806123 -2.20973 -1.95535 0.483629 -2.24586 -1.90571 0.571202
1767170685.657040110 -2.19236 -1.95866 0.482651 -2.22697 -1.91051 0.568717
1767170685.667688964 -2.17378 -1.96219 0.481606 -2.20802 -1.91543 0.566174
1767170685.676967983 -2.15643 -1.9655 0.480631 -2.18902 -1.92044 0.563583
1767170685.687149040 -2.13779 -1.96904 0.479584 -2.16997 -1.92553 0.560951
1767170685.697607103 -2.1197 -1.97248 0.478568 -2.15087 -1.93067 0.558286
1767170685.707113592 -2.102 -1.97585 0.477574 -2.13175 -1.93583 0.555599
1767170685.717714609 -2.08341 -1.97938 0.476532 -2.1126 -1.941 0.552896
1767170685.727216848 -2.06622 -1.98265 0.475568 -2.09345 -1.94614 0.550183
1767170685.737173829 -2.04772 -1.98617 0.474531 -2.0743 -1.95124 0.547468
1767170685.747122710 -2.02971 -1.98959 0.473522 -2.05518 -1.95626 0.544754
1767170685.756406455 -2.013 -1.99276 0.472587 -2.05518 -1.95626 0.544754
1767170685.766886669 -1.99423 -1.99632 0.471537 -2.03798 -1.96071 0.542315
1767170685.777026680 -1.97636 -1.99971 0.470539 -2.01701 -1.96603 0.539341
1767170685.786876533 -1.95853 -2.00309 0.469543 -1.99799 -1.97075 0.536647
1767170685.797177183 -1.93955 -2.00669 0.468484 -1.97903 -1.97534 0.53396
1767170685.807269167 -1.92162 -2.01009 0.467484 -1.96013 -1.97981 0.531283
1767170685.816799366 -1.90363 -2.0135 0.466482 -1.94128 -1.98415 0.528615
1767170685.826704116 -1.8862 -2.0168 0.465511 -1.9225 -1.98838 0.525958
1767170685.836680158 -1.86765 -2.02031 0.464479 -1.90377 -1.99251 0.523315
1767170685.846998168 -1.84916 -2.02381 0.463451 -1.88508 -1.99654 0.520689
1767170685.857283707 -1.83074 -2.02729 0.462428 -1.86643 -2.0005 0.518084
1767170685.866658343 -1.81367 -2.03052 0.46148 -1.84781 -2.00439 0.515502
1767170685.877108136 -1.79435 -2.03417 0.460409 -1.82921 -2.00825 0.512948
1767170685.886587696 -1.77693 -2.03746 0.459444 -1.81061 -2.01208 0.510425
1767170685.896381163 -1.75899 -2.04084 0.458452 -1.792 -2.01591 0.507934
1767170685.906182640 -1.74125 -2.04419 0.457471 -1.77336 -2.01975 0.505477
1767170685.916849018 -1.72188 -2.04784 0.456401 -1.75469 -2.02363 0.503055
1767170685.926723037 -1.70417 -2.05118 0.455424 -1.73598 -2.02754 0.500668
1767170685.936780821 -1.68563 -2.05467 0.454402 -1.71721 -2.0315 0.498316
1767170685.946968048 -1.66755 -2.05807 0.453406 -1.69838 -2.03553 0.495997
1767170685.956661952 -1.64992 -2.06139 0.452437 -1.67949 -2.03961 0.49371
1767170685.966996253 -1.6309 -2.06496 0.451392 -1.66053 -2.04375 0.491455
1767170685.976753418 -1.6309 -2.06496 0.451392 -1.62242 -2.05221 0.487037
1767170685.976808679 -1.61303 -2.06832 0.450411 -1.62242 -2.05221 0.487037
1767170685.986455333 -1.59534 -2.07164 0.449441 -1.60328 -2.0565 0.484873
1767170685.997111481 -1.57704 -2.07507 0.448439 -1.58409 -2.06083 0.482739
1767170686.007760160 -1.55729 -2.07878 0.447358 -1.56485 -2.06518 0.480634
1767170686.017283147 -1.54017 -2.08199 0.446423 -1.54559 -2.06954 0.478559
1767170686.027086425 -1.5225 -2.0853 0.445459 -1.52631 -2.07389 0.476515
1767170686.037470159 -1.5025 -2.08904 0.444369 -1.50703 -2.07823 0.474503
1767170686.046843433 -1.48623 -2.09208 0.443483 -1.48968 -2.0821 0.472718
1767170686.057926304 -1.4656 -2.09594 0.442361 -1.46852 -2.08678 0.470572
1767170686.067436025 -1.44824 -2.09918 0.441419 -1.44933 -2.09098 0.468654
1767170686.077650244 -1.42932 -2.10271 0.440392 -1.4302 -2.0951 0.466766
1767170686.087539104 -1.41139 -2.10606 0.439422 -1.41114 -2.09915 0.464905
1767170686.097267490 -1.39366 -2.10936 0.438463 -1.39218 -2.10312 0.46307
1767170686.107398208 -1.3752 -2.1128 0.437465 -1.37331 -2.107 0.461259
1767170686.116813987 -1.35723 -2.11614 0.436496 -1.35454 -2.11079 0.459469
1767170686.126957184 -1.33867 -2.1196 0.435496 -1.33588 -2.1145 0.457698
1767170686.137329186 -1.31996 -2.12307 0.434489 -1.31732 -2.11813 0.455945
1767170686.147099834 -1.30201 -2.12641 0.433525 -1.29887 -2.12169 0.454209
1767170686.156440310 -1.28392 -2.12977 0.432555 -1.28234 -2.12483 0.452661
1767170686.167251545 -1.26431 -2.1334 0.431504 -1.26223 -2.12861 0.450788
1767170686.176909390 -1.24615 -2.13677 0.430532 -1.24402 -2.132 0.449104
1767170686.187996742 -1.22605 -2.14049 0.429459 -1.22587 -2.13536 0.44744
1767170686.196751834 -1.20989 -2.14348 0.428597 -1.20776 -2.1387 0.445797
1767170686.206604470 -1.19137 -2.1469 0.427611 -1.18967 -2.14203 0.444175
1767170686.217255624 -1.17183 -2.15051 0.426572 -1.17158 -2.14537 0.442576
1767170686.227579581 -1.15311 -2.15397 0.425578 -1.15347 -2.14872 0.441
1767170686.237421071 -1.13573 -2.15717 0.424656 -1.13534 -2.1521 0.439447
1767170686.247261570 -1.11649 -2.16072 0.423638 -1.11898 -2.15516 0.438068
1767170686.257254513 -1.09816 -2.16409 0.422669 -1.10075 -2.15859 0.436555
1767170686.266285137 -1.08049 -2.16734 0.421737 -1.08428 -2.16172 0.435211
1767170686.277073141 -1.06146 -2.17084 0.420734 -1.06407 -2.16558 0.433589
1767170686.286780177 -1.04268 -2.17429 0.419747 -1.04562 -2.16914 0.432132
1767170686.297387842 -1.0232 -2.17786 0.418724 -1.02709 -2.17274 0.430691
1767170686.307644935 -1.00408 -2.18137 0.417722 -1.00848 -2.17637 0.429266
1767170686.317156936 -0.986014 -2.18467 0.416777 -0.989794 -2.18003 0.427855
1767170686.326663327 -0.968491 -2.18788 0.415861 -0.972916 -2.18334 0.426598
1767170686.337767995 -0.948082 -2.19161 0.414797 -0.95222 -2.18742 0.425078
1767170686.346656159 -0.930665 -2.19479 0.41389 -0.93335 -2.19113 0.423712
1767170686.357982452 -0.90987 -2.19859 0.412809 -0.914437 -2.19484 0.422361
1767170686.367673079 -0.891915 -2.20186 0.411878 -0.895492 -2.19855 0.421025
1767170686.377205095 -0.873678 -2.20518 0.410933 -0.876527 -2.20225 0.419705
1767170686.387713006 -0.854516 -2.20867 0.409943 -0.857551 -2.20593 0.4184
1767170686.397327630 -0.836187 -2.212 0.408997 -0.838575 -2.20958 0.417111
1767170686.407455427 -0.816837 -2.21552 0.408 -0.819606 -2.2132 0.415836
1767170686.417295096 -0.798472 -2.21885 0.407055 -0.800653 -2.21679 0.414576
1767170686.426857609 -0.78039 -2.22213 0.406127 -0.78172 -2.22035 0.413329
1767170686.436938874 -0.761064 -2.22563 0.405137 -0.762812 -2.22387 0.412094
1767170686.446493556 -0.74305 -2.22889 0.404216 -0.74393 -2.22736 0.410872
1767170686.457486920 -0.722352 -2.23263 0.403159 -0.725075 -2.23081 0.409662
1767170686.467286664 -0.704571 -2.23584 0.402253 -0.706245 -2.23422 0.408463
1767170686.477436796 -0.685309 -2.23932 0.401274 -0.687438 -2.23761 0.407274
1767170686.486662080 -0.66732 -2.24256 0.40036 -0.668648 -2.24098 0.406095
1767170686.496938784 -0.648141 -2.24601 0.399389 -0.649872 -2.24433 0.404927
1767170686.506612606 -0.694944 -2.30091 0.299744 -0.631101 -2.24766 0.403768
1767170686.517432165 -0.675487 -2.30441 0.298759 -0.61233 -2.25098 0.402612
1767170686.526690891 -0.657016 -2.30774 0.297824 -0.597308 -2.25364 0.401667
1767170686.536784467 -0.638531 -2.31106 0.296888 -0.578521 -2.25696 0.400429
1767170686.547559140 -0.618009 -2.31476 0.29585 -0.557842 -2.26062 0.398972
1767170686.556713923 -0.600767 -2.31786 0.294977 -0.540915 -2.26364 0.397693
1767170686.566699845 -0.581455 -2.32133 0.294 -0.522104 -2.26702 0.396175
1767170686.577588061 -0.560575 -2.32509 0.292944 -0.501422 -2.27079 0.394386
1767170686.586738349 -0.543388 -2.32818 0.292075 -0.486398 -2.27358 0.393009
1767170686.596996983 -0.524469 -2.33159 0.291119 -0.469526 -2.27677 0.391385
1767170686.607987543 -0.505648 -2.33497 0.290168 -0.448969 -2.28077 0.389296
1767170686.617063492 -0.486085 -2.33849 0.289179 -0.43222 -2.28414 0.387504
1767170686.626767878 -0.467986 -2.34174 0.288266 -0.413706 -2.288 0.385428
1767170686.637033604 -0.447934 -2.34535 0.287254 -0.395312 -2.29199 0.383265
1767170686.647275318 -0.429028 -2.34874 0.2863 -0.377056 -2.29613 0.381013
1767170686.657053992 -0.409899 -2.35218 0.285336 -0.358951 -2.30042 0.378675
1767170686.666653850 -0.391487 -2.35549 0.284408 -0.341008 -2.30485 0.376251
1767170686.676561611 -0.372968 -2.35881 0.283476 -0.32323 -2.30943 0.373742
1767170686.687848778 -0.352928 -2.36241 0.282467 -0.305614 -2.31414 0.371154
1767170686.696258311 -0.335283 -2.36557 0.28158 -0.289892 -2.31849 0.368763
1767170686.708423219 -0.312433 -2.36967 0.280432 -0.27083 -2.32393 0.365769
1767170686.716944155 -0.295946 -2.37263 0.279604 -0.255343 -2.32845 0.363272
1767170686.726587869 -0.27789 -2.37587 0.278699 -0.239934 -2.33303 0.360741
1767170686.736593773 -0.258876 -2.37927 0.277745 -0.22288 -2.33815 0.3579
1767170686.747688123 -0.237902 -2.38303 0.276695 -0.204163 -2.34381 0.354755
1767170686.757450361 -0.21905 -2.38641 0.275752 -0.187149 -2.34893 0.351888
1767170686.767160408 -0.200811 -2.38967 0.27484 -0.170101 -2.35402 0.349025
1767170686.776717670 -0.182794 -2.3929 0.27394 -0.154699 -2.35854 0.346454
1767170686.787351560 -0.162333 -2.39655 0.272919 -0.135766 -2.36397 0.343326
1767170686.797240431 -0.143668 -2.39989 0.271989 -0.11842 -2.36879 0.340496
1767170686.807768198 -0.12412 -2.40338 0.271016 -0.100923 -2.3735 0.337678
1767170686.816565022 -0.106665 -2.4065 0.270148 -0.0850314 -2.37763 0.335151
1767170686.827395307 -0.0863283 -2.41013 0.269138 -0.0654127 -2.38253 0.332071
1767170686.836225751 -0.0690261 -2.41322 0.268279 -0.0491972 -2.38643 0.329557
1767170686.847839607 -0.0471907 -2.41711 0.267197 -0.0291809 -2.39105 0.326489
1767170686.856355292 -0.0306163 -2.42007 0.266377 -0.0126503 -2.39473 0.323986
1767170686.866924510 -0.0104928 -2.42365 0.265382 0.00772454 -2.39912 0.320939
1767170686.876974644 0.00887764 -2.4271 0.264425 0.0263892 -2.40303 0.318187
1767170686.887311766 0.0286595 -2.43062 0.26345 0.0451641 -2.40687 0.315461
1767170686.896879600 0.0468831 -2.43386 0.262553 0.0640219 -2.41066 0.312767
1767170686.907362096 0.0667604 -2.43739 0.261576 0.0829337 -2.41443 0.310113
1767170686.917032232 0.0851866 -2.44066 0.260671 0.10187 -2.4182 0.307503
1767170686.926744558 0.103875 -2.44398 0.259755 0.11891 -2.4216 0.305195
1767170686.937443000 0.123516 -2.44746 0.258793 0.139705 -2.4258 0.302428
1767170686.946945600 0.142348 -2.4508 0.257872 0.158555 -2.42965 0.299965
1767170686.957438982 0.162428 -2.45436 0.256892 0.177335 -2.43356 0.297549
1767170686.966332073 0.17937 -2.45736 0.256067 0.194167 -2.43713 0.295414
1767170686.976414198 0.198597 -2.46076 0.255131 0.212783 -2.44116 0.293084
1767170686.987316775 0.219384 -2.46443 0.254122 0.233155 -2.44566 0.290568
1767170686.997472952 0.238939 -2.46789 0.253173 0.251583 -2.44981 0.288322
1767170687.006534576 0.256266 -2.47094 0.252335 0.268099 -2.45359 0.286335
1767170687.016429626 0.275341 -2.47431 0.251413 0.286387 -2.45783 0.284163
1767170687.026754199 0.295326 -2.47783 0.250448 0.304624 -2.46209 0.282032
1767170687.037128474 0.315255 -2.48134 0.249489 0.32465 -2.4668 0.279733
1767170687.047486833 0.334498 -2.48473 0.248564 0.342846 -2.47108 0.277688
1767170687.056807796 0.352255 -2.48785 0.247712 0.359235 -2.47492 0.275882
1767170687.067722275 0.372283 -2.49137 0.246753 0.37748 -2.47915 0.273914
1767170687.078037619 0.392467 -2.49491 0.245788 0.397618 -2.48376 0.271796
1767170687.088944718 0.414316 -2.49874 0.244746 0.416007 -2.48789 0.269911
1767170687.097113766 0.430316 -2.50155 0.243984 0.430788 -2.49115 0.268429
1767170687.107392199 0.450453 -2.50507 0.243027 0.449361 -2.49515 0.266605
1767170687.117123646 0.469273 -2.50837 0.242134 0.468054 -2.49907 0.264811
1767170687.126739211 0.487761 -2.5116 0.241259 0.486872 -2.50291 0.263044
1767170687.137184429 0.507539 -2.51505 0.240325 0.505817 -2.50667 0.261301
1767170687.146913237 0.526965 -2.51844 0.239409 0.524889 -2.51035 0.25958
1767170687.156147813 0.54483 -2.52156 0.238569 0.542157 -2.51359 0.258048
1767170687.166913460 0.564537 -2.52499 0.237644 0.563386 -2.51748 0.256199
1767170687.176848993 0.584913 -2.52854 0.23669 0.582789 -2.52095 0.254541
1767170687.187079273 0.603845 -2.53183 0.235805 0.602277 -2.52437 0.252904
1767170687.197024318 0.623935 -2.53532 0.234868 0.621834 -2.52775 0.251292
1767170687.206988954 0.643226 -2.53867 0.233971 0.64144 -2.53111 0.249706
1767170687.216798024 0.662156 -2.54195 0.233092 0.661079 -2.53445 0.248146
1767170687.226906173 0.681862 -2.54536 0.232179 0.680731 -2.53779 0.246615
1767170687.236947149 0.701331 -2.54873 0.23128 0.700382 -2.54114 0.245112
1767170687.246880943 0.720859 -2.55211 0.23038 0.720014 -2.5445 0.243637
1767170687.257461173 0.741226 -2.55562 0.229443 0.739617 -2.54789 0.242189
1767170687.266487493 0.758818 -2.55866 0.228636 0.75527 -2.55063 0.241049
1767170687.277483213 0.780212 -2.56234 0.227657 0.776744 -2.55443 0.239509
1767170687.287110979 0.798781 -2.56554 0.22681 0.794267 -2.55758 0.238269
1767170687.297028892 0.818267 -2.56889 0.225922 0.815626 -2.56147 0.236778
1767170687.306197268 0.836182 -2.57197 0.225108 0.833055 -2.56468 0.235577
1767170687.317250399 0.85753 -2.57564 0.224141 0.854305 -2.56866 0.23413
1767170687.326995849 0.876748 -2.57893 0.223273 0.873582 -2.57231 0.232835
1767170687.337154739 0.896573 -2.58233 0.222379 0.892829 -2.57598 0.231558
1767170687.346975149 0.915048 -2.58549 0.221548 0.908213 -2.57894 0.23055
1767170687.356345884 0.933848 -2.5887 0.220705 0.925513 -2.58227 0.22943
1767170687.366655071 0.954315 -2.59219 0.21979 0.946661 -2.58635 0.228081
1767170687.377415126 0.9754 -2.59579 0.218849 0.967831 -2.59043 0.226753
1767170687.387728580 0.995552 -2.59922 0.217953 0.98711 -2.59413 0.225564
1767170687.396530604 1.01269 -2.60214 0.217193 1.0045 -2.59745 0.224508
1767170687.406351646 1.03224 -2.60546 0.216327 1.02387 -2.60111 0.223349
1767170687.416757732 1.05214 -2.60884 0.21545 1.04331 -2.60474 0.222204
1767170687.426514401 1.07164 -2.61215 0.214591 1.06281 -2.60834 0.221073
1767170687.437607754 1.09354 -2.61586 0.213631 1.08436 -2.61225 0.219841
1767170687.447213319 1.11245 -2.61906 0.212803 1.10403 -2.61577 0.218733
1767170687.456540918 1.13074 -2.62215 0.212005 1.12181 -2.6189 0.217743
1767170687.466559254 1.1505 -2.62548 0.211146 1.14163 -2.62234 0.216651
1767170687.476319362 1.16983 -2.62874 0.210307 1.16153 -2.62574 0.215568
1767170687.486698778 1.18998 -2.63213 0.209436 1.1815 -2.62911 0.214491
1767170687.497805692 1.21191 -2.63582 0.20849 1.20354 -2.63278 0.213317
1767170687.506250057 1.22888 -2.63867 0.207761 1.22161 -2.63576 0.212363
1767170687.516353386 1.24896 -2.64204 0.2069 1.24174 -2.63904 0.211312
1767170687.527563932 1.30754 -2.70126 0.299677 1.26391 -2.64264 0.210166
1767170687.536397128 1.32471 -2.70415 0.298941 1.28207 -2.64558 0.209241
1767170687.546589199 1.34492 -2.70753 0.298076 1.30225 -2.64883 0.208253
1767170687.557249101 1.36589 -2.71105 0.297178 1.32445 -2.65242 0.207249
1767170687.566379474 1.38407 -2.7141 0.296399 1.34058 -2.65504 0.206588
1767170687.576493632 1.40419 -2.71748 0.295538 1.36276 -2.65866 0.20579
1767170687.586973494 1.42447 -2.72088 0.29467 1.38289 -2.66198 0.20518
1767170687.597143535 1.4438 -2.72412 0.293842 1.40301 -2.66536 0.204682
1767170687.607603207 1.46529 -2.72772 0.292923 1.42512 -2.66914 0.204261
1767170687.617415787 1.48392 -2.73084 0.292126 1.42512 -2.66914 0.204261
1767170687.626434058 1.50256 -2.73397 0.291329 1.4432 -2.67231 0.204009
1767170687.636481514 1.5225 -2.73731 0.290477 1.46328 -2.67592 0.203823
1767170687.646927430 1.54302 -2.74074 0.2896 1.48338 -2.67965 0.20373
1767170687.656363758 1.56194 -2.74391 0.288792 1.50149 -2.6831 0.203721
1767170687.667024919 1.58225 -2.74731 0.287926 1.52164 -2.68707 0.203786
1767170687.676955819 1.60254 -2.75071 0.28706 1.54184 -2.69119 0.203924
1767170687.687622626 1.62328 -2.75418 0.286175 1.5621 -2.69545 0.204125
1767170687.697040781 1.64149 -2.75722 0.2854 1.58244 -2.69986 0.204382
1767170687.706844041 1.66162 -2.76059 0.284542 1.60286 -2.70442 0.204687
1767170687.716782339 1.68185 -2.76397 0.283682 1.62338 -2.70913 0.205031
1767170687.726590505 1.70033 -2.76705 0.282896 1.64401 -2.71396 0.205407
1767170687.737148924 1.72188 -2.77065 0.28198 1.66476 -2.71891 0.20581
1767170687.746380389 1.74012 -2.7737 0.281205 1.68563 -2.72396 0.206233
1767170687.756868717 1.74012 -2.7737 0.281205 1.72772 -2.73428 0.207126
1767170687.756960199 1.76049 -2.77709 0.280341 1.72772 -2.73428 0.207126
1767170687.767602892 1.78148 -2.78059 0.279451 1.74893 -2.7395 0.207589
1767170687.776250593 1.7995 -2.7836 0.278688 1.77025 -2.74474 0.208057
1767170687.786460144 1.81953 -2.78693 0.27784 1.79166 -2.74995 0.208529
1767170687.796556821 1.83953 -2.79026 0.276994 1.81314 -2.75513 0.209002
1767170687.808306312 1.86153 -2.79392 0.276065 1.83468 -2.76026 0.209474
1767170687.816176583 1.87884 -2.7968 0.275334 1.85624 -2.7653 0.209945
1767170687.826340243 1.89883 -2.80012 0.274492 1.87782 -2.77026 0.210414
1767170687.836464693 1.91888 -2.80345 0.273647 1.89938 -2.7751 0.21088
1767170687.847201697 1.93994 -2.80695 0.272762 1.92089 -2.77983 0.211341
1767170687.856129135 1.95823 -2.80998 0.271993 1.94019 -2.78398 0.211749
1767170687.866344966 1.97817 -2.81328 0.271156 1.96155 -2.78847 0.212193
1767170687.876822964 1.99903 -2.81674 0.270281 1.9828 -2.79283 0.212622
1767170687.886553512 2.01841 -2.81995 0.26947 2.00391 -2.79707 0.213033
1767170687.896707921 2.03876 -2.82331 0.268619 2.02488 -2.80119 0.213423
1767170687.906255354 2.05773 -2.82645 0.267826 2.0457 -2.80522 0.213788
1767170687.916738914 2.07817 -2.82982 0.266974 2.06636 -2.80915 0.214125
1767170687.926445071 2.09787 -2.83307 0.266153 2.08686 -2.813 0.214434
1767170687.936905777 2.11882 -2.83653 0.265281 2.10722 -2.8168 0.214715
1767170687.946656286 2.13844 -2.83976 0.264466 2.12743 -2.82055 0.214968
1767170687.956222780 2.15713 -2.84284 0.263691 2.14752 -2.82427 0.215197
1767170687.966131865 2.17704 -2.84611 0.262866 2.16751 -2.82798 0.215404
1767170687.976143220 2.19719 -2.84942 0.262032 2.18742 -2.83169 0.215592
1767170687.986634237 2.21779 -2.85281 0.261181 2.18742 -2.83169 0.215592
1767170687.996470869 2.2375 -2.85604 0.260368 2.20728 -2.83541 0.215764
1767170688.007583532 2.25967 -2.85967 0.259455 2.22711 -2.83914 0.215923
1767170688.017227569 2.27803 -2.86268 0.2587 2.24693 -2.84291 0.216069
1767170688.026884957 2.29776 -2.86591 0.25789 2.26677 -2.8467 0.216205
1767170688.036418633 2.29776 -2.86591 0.25789 2.30661 -2.85439 0.216444
1767170688.036475444 2.3172 -2.86908 0.257094 2.30661 -2.85439 0.216444
1767170688.046343768 2.33688 -2.8723 0.256288 2.32664 -2.85828 0.216546
1767170688.056569919 2.3575 -2.87566 0.255446 2.34677 -2.8622 0.216633
1767170688.066727370 2.37777 -2.87896 0.254619 2.36701 -2.86613 0.216704
1767170688.076762709 2.39788 -2.88224 0.253801 2.38736 -2.87008 0.216755
1767170688.086665383 2.41763 -2.88545 0.252998 2.40783 -2.87403 0.216785
1767170688.096563097 2.43749 -2.88868 0.252193 2.4284 -2.87797 0.216792
1767170688.106478231 2.45728 -2.89189 0.251391 2.44907 -2.8819 0.216777
1767170688.116447888 2.47732 -2.89514 0.250581 2.46983 -2.88581 0.216741
1767170688.126909517 2.49774 -2.89844 0.249757 2.49066 -2.88968 0.216685
1767170688.136485002 2.51731 -2.90161 0.248969 2.51153 -2.89351 0.216612
1767170688.146716525 2.53782 -2.90492 0.248145 2.53243 -2.8973 0.216524
1767170688.156507382 2.55752 -2.9081 0.247355 2.55333 -2.90103 0.216424
1767170688.166922305 2.57786 -2.91138 0.246541 2.57419 -2.9047 0.216311
1767170688.176529302 2.5977 -2.91458 0.245748 2.59501 -2.90832 0.216188
1767170688.186323513 2.6174 -2.91775 0.244962 2.61576 -2.91187 0.216053
1767170688.196641898 2.63807 -2.92107 0.24414 2.63642 -2.91536 0.215906
1767170688.206105512 2.65708 -2.92412 0.243385 2.65697 -2.91879 0.215747
1767170688.216269892 2.67753 -2.9274 0.242575 2.67741 -2.92216 0.215572
